,Datetime,WaterTemperature,DissolvedOxygen,device,site,weather_temperature,dewpoint,humidity,windspeed,winddirection
0,2020-06-15 09:00:00,22.81,98.2,device 1,site A,23.2,11.9,49,41.0,300
1,2020-06-15 11:00:00,22.91,98.46,device 1,site A,26.0,12.1,42,38.9,309
2,2020-06-15 12:00:00,22.91,,device 1,site A,26.1,11.4,40,37.0,310
3,2020-06-15 14:00:00,23.365000000000002,101.58500000000001,device 1,site A,27.0,9.8,34,37.0,307
4,2020-06-15 16:00:00,23.47,,device 1,site A,27.0,9.8,34,33.3,308
5,2020-06-15 18:00:00,23.47,,device 1,site A,26.3,11.2,39,22.0,330
6,2020-06-17 12:00:00,16.823333333333334,72.37333333333333,device 1,site A,24.9,11.1,42,22.0,270
7,2020-06-17 12:00:00,16.823333333333334,66.56333333333333,device 2,site A,24.9,11.1,42,22.0,270
8,2020-06-17 13:00:00,16.83,77.05333333333334,device 1,site A,25.0,11.9,44,25.9,273
9,2020-06-17 13:00:00,16.83,68.32,device 2,site A,25.0,11.9,44,25.9,273
10,2020-06-17 14:00:00,16.843333333333334,80.09333333333333,device 1,site A,25.0,11.9,44,25.9,265
11,2020-06-17 14:00:00,16.836666666666666,67.10333333333334,device 2,site A,25.0,11.9,44,25.9,265
12,2020-06-17 15:00:00,16.83666666666667,86.38333333333333,device 1,site A,23.9,10.9,44,35.0,240
13,2020-06-17 15:00:00,16.85,64.57666666666667,device 2,site A,23.9,10.9,44,35.0,240
14,2020-06-17 16:00:00,16.833333333333332,93.31666666666666,device 1,site A,23.0,11.1,47,25.9,242
15,2020-06-17 16:00:00,16.846666666666668,66.57666666666667,device 2,site A,23.0,11.1,47,25.9,242
16,2020-06-17 17:00:00,16.83,98.345,device 1,site A,23.0,12.0,50,25.9,244
17,2020-06-17 17:00:00,16.843333333333334,67.79666666666667,device 2,site A,23.0,12.0,50,25.9,244
18,2020-06-17 18:00:00,16.82,99.41666666666667,device 1,site A,22.4,12.4,53,39.0,250
19,2020-06-17 18:00:00,16.83,68.38,device 2,site A,22.4,12.4,53,39.0,250
20,2020-06-17 19:00:00,16.813333333333333,98.49000000000001,device 1,site A,20.0,15.0,73,22.2,248
21,2020-06-17 19:00:00,16.823333333333334,69.30666666666667,device 2,site A,20.0,15.0,73,22.2,248
22,2020-06-17 20:00:00,16.75,96.76333333333332,device 1,site A,20.0,15.0,73,20.4,252
23,2020-06-17 20:00:00,16.79,69.95,device 2,site A,20.0,15.0,73,20.4,252
24,2020-06-17 21:00:00,16.673333333333336,94.09666666666668,device 1,site A,19.1,15.0,77,33.0,250
25,2020-06-17 21:00:00,16.74,69.96666666666668,device 2,site A,19.1,15.0,77,33.0,250
26,2020-06-17 22:00:00,16.563333333333333,94.27666666666666,device 1,site A,19.0,15.1,78,20.4,253
27,2020-06-17 22:00:00,16.68,68.3,device 2,site A,19.0,15.1,78,20.4,253
28,2020-06-17 23:00:00,16.53,91.435,device 1,site A,19.0,12.0,64,18.5,261
29,2020-06-17 23:00:00,16.650000000000002,66.51333333333332,device 2,site A,19.0,12.0,64,18.5,261
30,2020-06-18 00:00:00,16.49,90.93333333333334,device 1,site A,18.1,11.4,65,15.0,310
31,2020-06-18 00:00:00,16.536666666666665,69.51666666666667,device 2,site A,18.1,11.4,65,15.0,310
32,2020-06-18 01:00:00,16.463333333333335,89.80333333333334,device 1,site A,18.0,11.1,64,14.8,267
33,2020-06-18 01:00:00,16.566666666666666,67.86666666666666,device 2,site A,18.0,11.1,64,14.8,267
34,2020-06-18 02:00:00,16.466666666666665,81.80333333333334,device 1,site A,17.0,11.1,68,13.0,272
35,2020-06-18 02:00:00,16.626666666666665,68.35666666666667,device 2,site A,17.0,11.1,68,13.0,272
36,2020-06-18 03:00:00,16.44666666666667,79.13666666666667,device 1,site A,16.1,10.8,71,9.0,300
37,2020-06-18 03:00:00,16.576666666666664,64.24333333333333,device 2,site A,16.1,10.8,71,9.0,300
38,2020-06-18 04:00:00,16.47,75.22666666666667,device 1,site A,15.0,11.0,77,9.3,294
39,2020-06-18 04:00:00,16.585,62.349999999999994,device 2,site A,15.0,11.0,77,9.3,294
40,2020-06-18 05:00:00,16.485,76.13999999999999,device 1,site A,17.0,11.1,68,7.4,303
41,2020-06-18 05:00:00,16.606666666666666,59.59,device 2,site A,17.0,11.1,68,7.4,303
42,2020-06-18 06:00:00,16.473333333333333,76.11666666666667,device 1,site A,18.0,11.8,67,4.0,350
43,2020-06-18 06:00:00,16.586666666666666,59.39333333333334,device 2,site A,18.0,11.8,67,4.0,350
44,2020-06-18 07:00:00,16.476666666666663,80.39666666666666,device 1,site A,19.0,12.0,64,9.3,286
45,2020-06-18 07:00:00,16.666666666666668,56.26333333333334,device 2,site A,19.0,12.0,64,9.3,286
46,2020-06-18 08:00:00,16.52333333333333,82.79666666666667,device 1,site A,20.3,12.0,59,11.1,280
47,2020-06-18 08:00:00,16.740000000000002,59.05,device 2,site A,20.3,12.0,59,11.1,280
48,2020-06-18 09:00:00,16.603333333333335,81.67,device 1,site A,21.7,12.0,54,11.0,250
49,2020-06-18 09:00:00,16.766666666666666,59.18666666666667,device 2,site A,21.7,12.0,54,11.0,250
50,2020-06-18 10:00:00,16.75,82.77000000000001,device 1,site A,22.0,12.0,53,13.0,244
51,2020-06-18 10:00:00,16.816666666666666,60.24666666666667,device 2,site A,22.0,12.0,53,13.0,244
52,2020-06-18 11:00:00,16.77,83.10499999999999,device 1,site A,23.0,12.9,53,14.8,240
53,2020-06-18 11:00:00,16.826666666666664,61.51666666666667,device 2,site A,23.0,12.9,53,14.8,240
54,2020-06-18 12:00:00,16.816666666666666,79.18333333333332,device 1,site A,23.2,11.6,48,18.0,240
55,2020-06-18 12:00:00,16.83,61.35666666666666,device 2,site A,23.2,11.6,48,18.0,240
56,2020-06-18 13:00:00,16.82,77.62,device 1,site A,24.0,12.0,47,16.7,234
57,2020-06-18 13:00:00,16.836666666666666,62.10666666666666,device 2,site A,24.0,12.0,47,16.7,234
58,2020-06-18 14:00:00,16.826666666666664,75.57000000000001,device 1,site A,24.0,9.9,41,18.5,229
59,2020-06-18 14:00:00,16.843333333333334,60.843333333333334,device 2,site A,24.0,9.9,41,18.5,229
60,2020-06-18 15:00:00,16.84,75.2,device 1,site A,23.9,11.2,45,18.0,250
61,2020-06-18 15:00:00,16.843333333333334,66.92666666666668,device 2,site A,23.9,11.2,45,18.0,250
62,2020-06-18 16:00:00,16.843333333333334,84.55,device 1,site A,23.0,11.1,47,18.5,233
63,2020-06-18 16:00:00,16.846666666666668,67.83999999999999,device 2,site A,23.0,11.1,47,18.5,233
64,2020-06-18 17:00:00,16.843333333333334,91.72333333333334,device 1,site A,22.0,12.0,53,16.7,227
65,2020-06-18 17:00:00,16.853333333333335,69.36333333333333,device 2,site A,22.0,12.0,53,16.7,227
66,2020-06-18 18:00:00,16.83666666666667,91.95666666666666,device 1,site A,21.5,11.8,54,18.0,240
67,2020-06-18 18:00:00,16.85,70.16000000000001,device 2,site A,21.5,11.8,54,18.0,240
68,2020-06-18 19:00:00,16.826666666666664,95.27333333333335,device 1,site A,19.0,13.0,68,13.0,223
69,2020-06-18 19:00:00,16.83666666666667,68.71666666666665,device 2,site A,19.0,13.0,68,13.0,223
70,2020-06-18 20:00:00,16.814999999999998,91.64500000000001,device 1,site A,19.0,14.1,73,11.1,222
71,2020-06-18 20:00:00,16.825,70.495,device 2,site A,19.0,14.1,73,11.1,222
72,2020-06-18 21:00:00,16.81,87.92666666666666,device 1,site A,17.8,13.3,75,9.0,180
73,2020-06-18 21:00:00,16.826666666666664,69.7,device 2,site A,17.8,13.3,75,9.0,180
74,2020-06-18 22:00:00,16.813333333333333,82.78666666666668,device 1,site A,17.0,14.1,83,5.5,172
75,2020-06-18 22:00:00,16.83,68.945,device 2,site A,17.0,14.1,83,5.5,172
76,2020-06-18 23:00:00,16.813333333333333,77.05333333333333,device 1,site A,16.0,14.0,88,7.4,161
77,2020-06-18 23:00:00,16.82,71.65666666666668,device 2,site A,16.0,14.0,88,7.4,161
78,2020-06-19 00:00:00,16.81,73.70333333333333,device 1,site A,15.6,13.3,86,5.0,140
79,2020-06-19 00:00:00,16.826666666666664,68.09333333333333,device 2,site A,15.6,13.3,86,5.0,140
80,2020-06-19 01:00:00,16.81,70.59333333333333,device 1,site A,15.0,13.0,88,7.4,236
81,2020-06-19 01:00:00,16.83,70.35666666666667,device 2,site A,15.0,13.0,88,7.4,236
82,2020-06-19 02:00:00,16.81,67.94999999999999,device 1,site A,16.0,13.1,83,7.4,31
83,2020-06-19 02:00:00,16.83,61.64666666666667,device 2,site A,16.0,13.1,83,7.4,31
84,2020-06-19 03:00:00,16.81,65.77999999999999,device 1,site A,15.6,12.4,81,9.0,300
85,2020-06-19 03:00:00,16.83,58.31333333333333,device 2,site A,15.6,12.4,81,9.0,300
86,2020-06-19 04:00:00,16.81,70.87,device 1,site A,15.0,12.0,82,9.3,327
87,2020-06-19 04:00:00,16.84,59.38333333333333,device 2,site A,15.0,12.0,82,9.3,327
88,2020-06-19 05:00:00,16.81,76.80000000000001,device 1,site A,16.0,12.0,77,9.3,332
89,2020-06-19 05:00:00,16.83,58.97,device 2,site A,16.0,12.0,77,9.3,332
90,2020-06-19 06:00:00,16.813333333333333,77.88333333333333,device 1,site A,18.0,11.8,67,17.0,300
91,2020-06-19 06:00:00,16.84,57.81333333333333,device 2,site A,18.0,11.8,67,17.0,300
92,2020-06-19 07:00:00,16.816666666666666,78.21333333333332,device 1,site A,21.0,12.2,57,11.1,301
93,2020-06-19 07:00:00,16.84,58.42333333333334,device 2,site A,21.0,12.2,57,11.1,301
94,2020-06-19 08:00:00,16.82,81.66666666666667,device 1,site A,23.0,12.0,50,14.8,292
95,2020-06-19 08:00:00,16.85,58.583333333333336,device 2,site A,23.0,12.0,50,14.8,292
96,2020-06-19 09:00:00,16.835,86.375,device 1,site A,22.9,11.9,50,24.0,290
97,2020-06-19 09:00:00,16.853333333333335,61.99333333333333,device 2,site A,22.9,11.9,50,24.0,290
98,2020-06-19 10:00:00,16.843333333333334,82.65333333333334,device 1,site A,25.0,11.2,42,24.1,293
99,2020-06-19 10:00:00,16.933333333333334,60.50333333333333,device 2,site A,25.0,11.2,42,24.1,293
100,2020-06-19 11:00:00,16.993333333333336,80.69,device 1,site A,26.0,12.1,42,24.1,290
101,2020-06-19 11:00:00,17.076666666666668,58.04,device 2,site A,26.0,12.1,42,24.1,290
102,2020-06-19 12:00:00,17.099999999999998,81.63333333333334,device 1,site A,26.4,10.5,37,26.0,300
103,2020-06-19 12:00:00,17.09,63.276666666666664,device 2,site A,26.4,10.5,37,26.0,300
104,2020-06-19 13:00:00,17.106666666666666,83.75333333333333,device 1,site A,27.0,8.9,32,27.8,290
105,2020-06-19 13:00:00,17.155,62.465,device 2,site A,27.0,8.9,32,27.8,290
106,2020-06-19 14:00:00,16.836666666666666,91.66000000000001,device 1,site A,28.0,6.1,25,27.8,292
107,2020-06-19 14:00:00,16.985,64.715,device 2,site A,28.0,6.1,25,27.8,292
108,2020-06-19 15:00:00,16.81,97.05333333333333,device 1,site A,27.8,8.6,30,31.0,300
109,2020-06-19 15:00:00,16.823333333333334,70.93333333333334,device 2,site A,27.8,8.6,30,31.0,300
110,2020-06-19 16:00:00,16.81,97.24000000000001,device 1,site A,24.0,12.9,50,29.6,292
111,2020-06-19 16:00:00,16.82,71.57666666666667,device 2,site A,24.0,12.9,50,29.6,292
112,2020-06-19 17:00:00,16.77,100.04333333333334,device 1,site A,23.0,14.0,57,29.6,292
113,2020-06-19 17:00:00,16.826666666666664,70.06,device 2,site A,23.0,14.0,57,29.6,292
114,2020-06-19 18:00:00,16.80333333333333,98.85000000000001,device 1,site A,22.9,14.5,59,30.0,240
115,2020-06-19 18:00:00,16.816666666666666,70.86,device 2,site A,22.9,14.5,59,30.0,240
116,2020-06-19 19:00:00,16.78,95.58333333333333,device 1,site A,21.0,15.1,69,24.1,285
117,2020-06-19 19:00:00,16.816666666666666,69.50999999999999,device 2,site A,21.0,15.1,69,24.1,285
118,2020-06-19 20:00:00,16.756666666666664,93.35333333333334,device 1,site A,21.0,15.1,69,22.2,288
119,2020-06-19 20:00:00,16.786666666666665,70.04666666666667,device 2,site A,21.0,15.1,69,22.2,288
120,2020-06-19 21:00:00,16.713333333333335,90.58333333333333,device 1,site A,20.4,15.6,74,24.0,240
121,2020-06-19 21:00:00,16.766666666666666,67.92666666666668,device 2,site A,20.4,15.6,74,24.0,240
122,2020-06-19 22:00:00,16.61,94.4,device 1,site A,19.0,16.0,83,14.8,290
123,2020-06-19 22:00:00,16.69,65.91333333333334,device 2,site A,19.0,16.0,83,14.8,290
124,2020-06-19 23:00:00,16.540000000000003,94.59666666666668,device 1,site A,19.0,15.1,78,16.7,296
125,2020-06-19 23:00:00,16.65666666666667,69.10666666666667,device 2,site A,19.0,15.1,78,16.7,296
126,2020-06-20 00:00:00,16.56,93.16333333333334,device 1,site A,18.3,14.0,76,18.0,290
127,2020-06-20 00:00:00,16.64,67.16333333333334,device 2,site A,18.3,14.0,76,18.0,290
128,2020-06-20 01:00:00,16.556666666666665,91.83333333333333,device 1,site A,19.0,12.0,64,16.7,306
129,2020-06-20 01:00:00,16.736666666666668,59.093333333333334,device 2,site A,19.0,12.0,64,16.7,306
130,2020-06-20 02:00:00,16.72,89.57,device 1,site A,19.0,12.0,64,16.7,309
131,2020-06-20 02:00:00,16.8,63.970000000000006,device 2,site A,19.0,12.0,64,16.7,309
132,2020-06-20 03:00:00,16.816666666666666,89.34666666666665,device 1,site A,18.8,11.4,62,15.0,310
133,2020-06-20 03:00:00,16.846666666666668,61.196666666666665,device 2,site A,18.8,11.4,62,15.0,310
134,2020-06-20 04:00:00,16.823333333333334,87.69,device 1,site A,18.0,11.1,64,16.7,313
135,2020-06-20 04:00:00,16.855,65.255,device 2,site A,18.0,11.1,64,16.7,313
136,2020-06-20 05:00:00,16.82,82.17500000000001,device 1,site A,19.0,12.0,64,18.5,314
137,2020-06-20 05:00:00,16.856666666666666,65.48666666666666,device 2,site A,19.0,12.0,64,18.5,314
138,2020-06-20 06:00:00,16.82,85.62666666666667,device 1,site A,19.7,11.2,58,17.0,320
139,2020-06-20 06:00:00,16.856666666666666,66.31333333333333,device 2,site A,19.7,11.2,58,17.0,320
140,2020-06-20 07:00:00,16.823333333333334,86.96333333333332,device 1,site A,22.0,12.0,53,22.2,312
141,2020-06-20 07:00:00,16.85,66.15666666666668,device 2,site A,22.0,12.0,53,22.2,312
142,2020-06-20 08:00:00,16.823333333333334,86.68666666666667,device 1,site A,24.0,11.0,44,24.1,311
143,2020-06-20 08:00:00,16.85,68.21,device 2,site A,24.0,11.0,44,24.1,311
144,2020-06-20 09:00:00,16.83,85.23333333333333,device 1,site A,24.3,11.3,44,31.0,320
145,2020-06-20 09:00:00,16.855,66.97,device 2,site A,24.3,11.3,44,31.0,320
146,2020-06-20 10:00:00,16.86,87.53333333333335,device 1,site A,27.0,11.9,39,27.8,306
147,2020-06-20 10:00:00,16.900000000000002,62.346666666666664,device 2,site A,27.0,11.9,39,27.8,306
148,2020-06-20 11:00:00,16.93,88.60666666666667,device 1,site A,27.0,11.1,37,29.6,301
149,2020-06-20 11:00:00,16.966666666666665,61.51666666666667,device 2,site A,27.0,11.1,37,29.6,301
150,2020-06-20 12:00:00,16.95,90.14,device 1,site A,27.9,10.6,34,35.0,320
151,2020-06-20 12:00:00,17.02333333333333,63.02,device 2,site A,27.9,10.6,34,35.0,320
152,2020-06-20 13:00:00,16.976666666666663,90.33333333333333,device 1,site A,28.0,8.8,30,31.5,301
153,2020-06-20 13:00:00,16.926666666666666,67.23666666666666,device 2,site A,28.0,8.8,30,31.5,301
154,2020-06-20 14:00:00,16.933333333333334,93.06333333333333,device 1,site A,28.0,11.1,35,33.3,304
155,2020-06-20 14:00:00,16.89,69.39666666666666,device 2,site A,28.0,11.1,35,33.3,304
156,2020-06-20 15:00:00,16.996666666666666,89.45666666666666,device 1,site A,28.6,10.3,32,35.0,310
157,2020-06-20 15:00:00,16.873333333333335,70.61,device 2,site A,28.6,10.3,32,35.0,310
158,2020-06-20 16:00:00,16.88,92.28666666666668,device 1,site A,28.0,12.0,37,33.3,309
159,2020-06-20 16:00:00,16.84,70.72333333333331,device 2,site A,28.0,12.0,37,33.3,309
160,2020-06-20 17:00:00,16.853333333333335,99.63,device 1,site A,28.0,9.8,32,31.5,311
161,2020-06-20 17:00:00,16.846666666666668,71.72666666666667,device 2,site A,28.0,9.8,32,31.5,311
162,2020-06-20 18:00:00,16.83,96.77666666666666,device 1,site A,27.3,10.9,36,28.0,320
163,2020-06-20 18:00:00,16.83666666666667,70.82666666666667,device 2,site A,27.3,10.9,36,28.0,320
164,2020-06-20 19:00:00,16.814999999999998,99.34,device 1,site A,23.0,16.1,65,27.8,309
165,2020-06-20 19:00:00,16.826666666666664,69.87333333333333,device 2,site A,23.0,16.1,65,27.8,309
166,2020-06-20 20:00:00,16.773333333333333,102.55333333333333,device 1,site A,22.0,16.1,69,24.1,310
167,2020-06-20 20:00:00,16.810000000000002,69.49000000000001,device 2,site A,22.0,16.1,69,24.1,310
168,2020-06-20 21:00:00,16.653333333333332,100.18666666666667,device 1,site A,21.3,16.0,72,22.0,250
169,2020-06-20 21:00:00,16.743333333333336,69.77,device 2,site A,21.3,16.0,72,22.0,250
170,2020-06-20 22:00:00,16.540000000000003,98.05333333333334,device 1,site A,22.0,13.1,57,20.4,280
171,2020-06-20 22:00:00,16.656666666666666,68.70666666666666,device 2,site A,22.0,13.1,57,20.4,280
172,2020-06-20 23:00:00,16.51666666666667,95.05000000000001,device 1,site A,21.0,12.2,57,22.2,294
173,2020-06-20 23:00:00,16.72,67.94,device 2,site A,21.0,12.2,57,22.2,294
174,2020-06-21 00:00:00,16.563333333333333,90.65999999999998,device 1,site A,20.8,11.4,55,18.0,300
175,2020-06-21 00:00:00,16.673333333333336,66.74333333333334,device 2,site A,20.8,11.4,55,18.0,300
176,2020-06-21 01:00:00,16.56,81.965,device 1,site A,20.0,11.0,56,24.1,305
177,2020-06-21 01:00:00,16.556666666666665,69.3,device 2,site A,20.0,11.0,56,24.1,305
178,2020-06-21 02:00:00,16.48,86.29,device 1,site A,21.0,12.2,57,25.9,308
179,2020-06-21 02:00:00,16.616666666666667,55.949999999999996,device 2,site A,21.0,12.2,57,25.9,308
180,2020-06-21 03:00:00,16.473333333333333,82.97666666666667,device 1,site A,20.8,12.0,57,30.0,310
181,2020-06-21 03:00:00,16.576666666666664,54.01666666666667,device 2,site A,20.8,12.0,57,30.0,310
182,2020-06-21 04:00:00,16.446666666666665,75.67999999999999,device 1,site A,20.0,11.0,56,25.9,314
183,2020-06-21 04:00:00,16.509999999999998,58.54333333333333,device 2,site A,20.0,11.0,56,25.9,314
184,2020-06-21 05:00:00,16.33666666666667,85.83999999999999,device 1,site A,21.0,12.2,57,27.8,314
185,2020-06-21 05:00:00,16.436666666666667,57.629999999999995,device 2,site A,21.0,12.2,57,27.8,314
186,2020-06-21 06:00:00,16.283333333333335,86.02666666666669,device 1,site A,21.7,11.4,52,35.0,310
187,2020-06-21 06:00:00,16.27333333333333,67.26666666666667,device 2,site A,21.7,11.4,52,35.0,310
188,2020-06-21 07:00:00,16.243333333333336,84.92333333333335,device 1,site A,24.0,12.0,47,31.5,318
189,2020-06-21 07:00:00,16.293333333333333,59.41333333333333,device 2,site A,24.0,12.0,47,31.5,318
190,2020-06-21 08:00:00,16.21,85.82499999999999,device 1,site A,25.0,12.9,47,33.3,321
191,2020-06-21 08:00:00,16.366666666666667,54.830000000000005,device 2,site A,25.0,12.9,47,33.3,321
192,2020-06-21 09:00:00,16.279999999999998,82.65333333333335,device 1,site A,26.1,12.5,43,35.0,310
193,2020-06-21 09:00:00,16.496666666666666,57.64666666666667,device 2,site A,26.1,12.5,43,35.0,310
194,2020-06-21 10:00:00,16.460000000000004,81.14,device 1,site A,28.0,11.1,35,40.8,323
195,2020-06-21 10:00:00,16.536666666666665,59.76333333333333,device 2,site A,28.0,11.1,35,40.8,323
196,2020-06-21 11:00:00,16.573333333333334,87.87666666666667,device 1,site A,29.0,11.1,33,40.8,324
197,2020-06-21 11:00:00,16.63,57.71,device 2,site A,29.0,11.1,33,40.8,324
198,2020-06-21 12:00:00,16.709999999999997,87.89999999999999,device 1,site A,29.3,11.8,34,44.0,300
199,2020-06-21 12:00:00,16.77,56.36,device 2,site A,29.3,11.8,34,44.0,300
200,2020-06-21 13:00:00,16.77,91.48333333333335,device 1,site A,29.0,10.2,31,44.5,325
201,2020-06-21 13:00:00,16.74,59.77,device 2,site A,29.0,10.2,31,44.5,325
202,2020-06-21 14:00:00,16.64,93.1,device 1,site A,29.0,12.0,35,46.3,327
203,2020-06-21 14:00:00,16.63,64.435,device 2,site A,29.0,12.0,35,46.3,327
204,2020-06-21 15:00:00,16.62333333333333,91.37,device 1,site A,29.8,11.3,32,37.0,320
205,2020-06-21 15:00:00,16.47,68.49333333333334,device 2,site A,29.8,11.3,32,37.0,320
206,2020-06-21 16:00:00,16.655,91.08500000000001,device 1,site A,30.0,11.0,31,42.6,324
207,2020-06-21 16:00:00,16.405,69.405,device 2,site A,30.0,11.0,31,42.6,324
208,2020-06-21 17:00:00,16.400000000000002,96.61333333333334,device 1,site A,29.0,12.0,35,42.6,326
209,2020-06-21 17:00:00,16.436666666666667,67.58,device 2,site A,29.0,12.0,35,42.6,326
210,2020-06-21 18:00:00,16.496666666666666,96.52333333333333,device 1,site A,27.9,12.3,38,42.0,310
211,2020-06-21 18:00:00,16.123333333333335,69.74666666666667,device 2,site A,27.9,12.3,38,42.0,310
212,2020-06-21 19:00:00,16.44333333333333,100.06333333333333,device 1,site A,27.0,11.1,37,40.8,325
213,2020-06-21 19:00:00,16.293333333333333,69.12,device 2,site A,27.0,11.1,37,40.8,325
214,2020-06-21 20:00:00,16.16,99.655,device 1,site A,26.0,11.0,39,37.0,326
215,2020-06-21 20:00:00,16.12666666666667,68.74333333333334,device 2,site A,26.0,11.0,39,37.0,326
216,2020-06-21 21:00:00,16.255000000000003,93.47999999999999,device 1,site A,25.6,11.7,42,41.0,340
217,2020-06-21 21:00:00,16.13,67.22,device 2,site A,25.6,11.7,42,41.0,340
218,2020-06-21 22:00:00,16.1475,94.78499999999998,device 1,site A,24.0,12.9,50,33.3,327
219,2020-06-21 22:00:00,16.036666666666665,70.06333333333333,device 2,site A,24.0,12.9,50,33.3,327
220,2020-06-21 23:00:00,16.166666666666664,91.46,device 1,site A,24.0,12.0,47,33.3,328
221,2020-06-21 23:00:00,16.046666666666667,68.08333333333333,device 2,site A,24.0,12.0,47,33.3,328
222,2020-06-22 00:00:00,16.05,89.92666666666666,device 1,site A,23.4,12.4,50,42.0,330
223,2020-06-22 00:00:00,15.956666666666665,68.23333333333333,device 2,site A,23.4,12.4,50,42.0,330
224,2020-06-22 01:00:00,16.073333333333334,86.55000000000001,device 1,site A,23.0,12.9,53,31.5,332
225,2020-06-22 01:00:00,15.99,66.7,device 2,site A,23.0,12.9,53,31.5,332
226,2020-06-22 02:00:00,16.099999999999998,81.3,device 1,site A,22.0,13.1,57,29.6,335
227,2020-06-22 02:00:00,16.040000000000003,66.00666666666667,device 2,site A,22.0,13.1,57,29.6,335
228,2020-06-22 03:00:00,16.115000000000002,81.165,device 1,site A,21.9,13.5,59,28.0,330
229,2020-06-22 03:00:00,16.053333333333335,63.660000000000004,device 2,site A,21.9,13.5,59,28.0,330
230,2020-06-22 04:00:00,16.045,80.34,device 1,site A,22.0,14.1,61,25.9,332
231,2020-06-22 04:00:00,16.01,64.27666666666667,device 2,site A,22.0,14.1,61,25.9,332
232,2020-06-22 05:00:00,15.993333333333334,80.81,device 1,site A,22.0,15.1,65,24.1,334
233,2020-06-22 05:00:00,15.94,67.065,device 2,site A,22.0,15.1,65,24.1,334
234,2020-06-22 06:00:00,15.983333333333334,77.5,device 1,site A,22.8,14.6,60,26.0,340
235,2020-06-22 06:00:00,15.966666666666667,64.27333333333333,device 2,site A,22.8,14.6,60,26.0,340
236,2020-06-22 07:00:00,16.0,74.05333333333333,device 1,site A,25.0,15.0,54,24.1,337
237,2020-06-22 07:00:00,15.986666666666666,61.343333333333334,device 2,site A,25.0,15.0,54,24.1,337
238,2020-06-22 08:00:00,16.03333333333333,73.46666666666667,device 1,site A,26.0,15.1,51,25.9,334
239,2020-06-22 08:00:00,15.993333333333334,60.19,device 2,site A,26.0,15.1,51,25.9,334
240,2020-06-22 09:00:00,16.09,72.54,device 1,site A,27.0,14.1,45,18.0,330
241,2020-06-22 09:00:00,16.096666666666668,56.053333333333335,device 2,site A,27.0,14.1,45,18.0,330
242,2020-06-22 10:00:00,16.15,72.57,device 1,site A,29.0,15.2,43,24.1,317
243,2020-06-22 10:00:00,16.186666666666667,61.32333333333333,device 2,site A,29.0,15.2,43,24.1,317
244,2020-06-22 11:00:00,16.286666666666665,73.90666666666667,device 1,site A,30.0,14.1,38,24.1,309
245,2020-06-22 11:00:00,16.23,63.72666666666667,device 2,site A,30.0,14.1,38,24.1,309
246,2020-06-22 12:00:00,16.313333333333333,78.66333333333334,device 1,site A,30.3,15.2,40,21.0,300
247,2020-06-22 12:00:00,16.275,64.825,device 2,site A,30.3,15.2,40,21.0,300
248,2020-06-22 13:00:00,16.343333333333334,82.73333333333333,device 1,site A,31.0,13.8,35,25.9,304
249,2020-06-22 13:00:00,16.283333333333335,66.28000000000002,device 2,site A,31.0,13.8,35,25.9,304
250,2020-06-22 14:00:00,16.343333333333334,88.97666666666667,device 1,site A,31.0,15.0,38,25.9,307
251,2020-06-22 14:00:00,16.275,67.695,device 2,site A,31.0,15.0,38,25.9,307
252,2020-06-22 15:00:00,16.419999999999998,86.49000000000001,device 1,site A,31.4,15.8,39,22.0,300
253,2020-06-22 15:00:00,16.316666666666666,69.58333333333333,device 2,site A,31.4,15.8,39,22.0,300
254,2020-06-22 16:00:00,16.46,92.825,device 1,site A,30.0,16.1,43,24.1,299
255,2020-06-22 16:00:00,16.346666666666664,69.08,device 2,site A,30.0,16.1,43,24.1,299
256,2020-06-22 17:00:00,16.36,96.81333333333333,device 1,site A,29.0,15.2,43,25.9,304
257,2020-06-22 17:00:00,16.3,70.76666666666667,device 2,site A,29.0,15.2,43,25.9,304
258,2020-06-22 18:00:00,16.32,97.84,device 1,site A,28.8,15.0,43,24.0,320
259,2020-06-22 18:00:00,16.293333333333333,69.92999999999999,device 2,site A,28.8,15.0,43,24.0,320
260,2020-06-22 19:00:00,16.1825,100.60499999999999,device 1,site A,26.0,15.1,51,22.2,307
261,2020-06-22 19:00:00,16.150000000000002,71.22333333333333,device 2,site A,26.0,15.1,51,22.2,307
262,2020-06-22 20:00:00,16.083333333333332,98.59333333333332,device 1,site A,25.0,15.9,57,16.7,309
263,2020-06-22 20:00:00,16.14,68.89999999999999,device 2,site A,25.0,15.9,57,16.7,309
264,2020-06-22 21:00:00,15.893333333333333,99.86333333333333,device 1,site A,24.0,16.0,61,11.0,280
265,2020-06-22 21:00:00,16.01,69.07666666666667,device 2,site A,24.0,16.0,61,11.0,280
266,2020-06-22 22:00:00,15.930000000000001,95.79,device 1,site A,22.0,16.9,73,7.4,274
267,2020-06-22 22:00:00,16.03,67.27,device 2,site A,22.0,16.9,73,7.4,274
268,2020-06-22 23:00:00,15.95,90.92,device 1,site A,21.0,15.1,69,5.5,266
269,2020-06-22 23:00:00,15.956666666666669,68.61666666666667,device 2,site A,21.0,15.1,69,5.5,266
270,2020-06-23 00:00:00,15.896666666666668,89.41666666666667,device 1,site A,20.9,14.8,68,8.0,140
271,2020-06-23 00:00:00,15.986666666666665,67.05,device 2,site A,20.9,14.8,68,8.0,140
272,2020-06-23 01:00:00,15.886666666666665,88.67666666666668,device 1,site A,20.0,15.0,73,5.5,141
273,2020-06-23 01:00:00,16.040000000000003,64.31333333333335,device 2,site A,20.0,15.0,73,5.5,141
274,2020-06-23 02:00:00,16.203333333333333,94.97666666666667,device 1,site A,18.0,15.1,83,5.5,141
275,2020-06-23 02:00:00,16.233333333333334,63.61333333333334,device 2,site A,18.0,15.1,83,5.5,141
276,2020-06-23 03:00:00,16.25,95.53333333333335,device 1,site A,17.7,14.4,81,8.0,140
277,2020-06-23 03:00:00,16.286666666666665,62.01333333333334,device 2,site A,17.7,14.4,81,8.0,140
278,2020-06-23 04:00:00,16.213333333333335,95.36333333333334,device 1,site A,18.0,14.1,78,5.5,145
279,2020-06-23 04:00:00,16.356666666666666,69.67999999999999,device 2,site A,18.0,14.1,78,5.5,145
280,2020-06-23 05:00:00,16.2,93.93,device 1,site A,19.0,15.1,78,5.5,142
281,2020-06-23 05:00:00,16.33,61.63666666666666,device 2,site A,19.0,15.1,78,5.5,142
282,2020-06-23 06:00:00,16.226666666666667,92.01666666666667,device 1,site A,22.5,16.8,70,4.0,310
283,2020-06-23 06:00:00,16.305,59.769999999999996,device 2,site A,22.5,16.8,70,4.0,310
284,2020-06-23 07:00:00,16.17,88.0,device 1,site A,24.0,16.0,61,5.5,260
285,2020-06-23 07:00:00,16.34,60.99666666666667,device 2,site A,24.0,16.0,61,5.5,260
286,2020-06-23 08:00:00,16.26,87.84333333333335,device 1,site A,26.0,16.0,54,7.4,249
287,2020-06-23 08:00:00,16.413333333333334,61.53333333333333,device 2,site A,26.0,16.0,54,7.4,249
288,2020-06-23 09:00:00,16.49,94.74000000000001,device 1,site A,27.5,17.4,54,8.0,260
289,2020-06-23 09:00:00,16.496666666666666,61.51333333333334,device 2,site A,27.5,17.4,54,8.0,260
290,2020-06-23 10:00:00,16.633333333333333,90.89666666666666,device 1,site A,31.0,8.1,24,13.0,227
291,2020-06-23 10:00:00,16.62,63.31,device 2,site A,31.0,8.1,24,13.0,227
292,2020-06-23 11:00:00,16.786666666666665,89.99333333333334,device 1,site A,31.0,10.9,29,18.5,204
293,2020-06-23 11:00:00,16.753333333333334,66.36333333333334,device 2,site A,31.0,10.9,29,18.5,204
294,2020-06-23 12:00:00,16.805,90.185,device 1,site A,31.1,9.9,27,24.0,170
295,2020-06-23 12:00:00,16.816666666666666,64.35000000000001,device 2,site A,31.1,9.9,27,24.0,170
296,2020-06-23 13:00:00,16.766666666666666,89.75,device 1,site A,31.0,9.8,27,22.2,190
297,2020-06-23 13:00:00,16.819999999999997,63.67666666666667,device 2,site A,31.0,9.8,27,22.2,190
298,2020-06-23 14:00:00,16.81,91.17333333333333,device 1,site A,31.0,9.8,27,22.2,189
299,2020-06-23 14:00:00,16.876666666666665,64.30333333333333,device 2,site A,31.0,9.8,27,22.2,189
300,2020-06-23 15:00:00,16.826666666666664,91.85666666666668,device 1,site A,30.5,9.9,28,28.0,180
301,2020-06-23 15:00:00,16.87,63.415,device 2,site A,30.5,9.9,28,28.0,180
302,2020-06-23 16:00:00,16.836666666666666,90.33333333333333,device 1,site A,28.0,13.9,42,22.2,186
303,2020-06-23 16:00:00,16.89,62.76,device 2,site A,28.0,13.9,42,22.2,186
304,2020-06-23 17:00:00,16.82,90.60666666666667,device 1,site A,28.0,13.9,42,16.7,188
305,2020-06-23 17:00:00,16.85333333333333,66.02999999999999,device 2,site A,28.0,13.9,42,16.7,188
306,2020-06-23 18:00:00,16.655,100.125,device 1,site A,27.6,14.6,45,11.0,280
307,2020-06-23 18:00:00,16.753333333333334,70.60333333333334,device 2,site A,27.6,14.6,45,11.0,280
308,2020-06-23 19:00:00,16.483333333333334,98.09333333333332,device 1,site A,23.0,17.0,69,9.3,194
309,2020-06-23 19:00:00,16.576666666666668,70.56,device 2,site A,23.0,17.0,69,9.3,194
310,2020-06-23 20:00:00,16.31,102.0,device 1,site A,22.0,16.9,73,7.4,191
311,2020-06-23 20:00:00,16.395000000000003,70.1,device 2,site A,22.0,16.9,73,7.4,191
312,2020-06-23 21:00:00,16.05333333333333,104.75,device 1,site A,22.3,17.2,73,2.0,190
313,2020-06-23 21:00:00,16.223333333333333,72.15333333333334,device 2,site A,22.3,17.2,73,2.0,190
314,2020-06-23 22:00:00,16.08666666666667,101.78333333333335,device 1,site A,20.0,15.0,73,5.5,151
315,2020-06-23 22:00:00,16.240000000000002,68.43,device 2,site A,20.0,15.0,73,5.5,151
316,2020-06-23 23:00:00,16.01666666666667,100.29333333333334,device 1,site A,20.0,14.1,69,5.5,147
317,2020-06-23 23:00:00,16.026666666666667,72.56,device 2,site A,20.0,14.1,69,5.5,147
318,2020-06-24 00:00:00,15.983333333333334,96.19,device 1,site A,19.3,14.3,73,4.0,170
319,2020-06-24 00:00:00,16.113333333333333,68.36333333333333,device 2,site A,19.3,14.3,73,4.0,170
320,2020-06-24 01:00:00,16.240000000000002,92.81,device 1,site A,19.0,14.1,73,5.5,130
321,2020-06-24 01:00:00,16.483333333333334,63.053333333333335,device 2,site A,19.0,14.1,73,5.5,130
322,2020-06-24 02:00:00,17.003333333333334,100.18,device 1,site A,20.0,14.1,69,5.5,138
323,2020-06-24 02:00:00,17.176666666666666,67.01,device 2,site A,20.0,14.1,69,5.5,138
324,2020-06-24 03:00:00,17.47666666666667,96.87666666666667,device 1,site A,19.6,13.8,69,5.0,80
325,2020-06-24 03:00:00,17.723333333333333,66.45,device 2,site A,19.6,13.8,69,5.0,80
326,2020-06-24 04:00:00,17.55,96.65666666666665,device 1,site A,18.0,13.1,73,5.5,117
327,2020-06-24 04:00:00,17.676666666666666,62.910000000000004,device 2,site A,18.0,13.1,73,5.5,117
328,2020-06-24 05:00:00,17.63,94.87,device 1,site A,18.0,14.1,78,5.5,120
329,2020-06-24 05:00:00,17.74,61.71,device 2,site A,18.0,14.1,78,5.5,120
330,2020-06-24 06:00:00,17.486666666666668,91.69666666666666,device 1,site A,21.9,14.8,64,5.0,160
331,2020-06-24 06:00:00,17.526666666666667,62.73333333333333,device 2,site A,21.9,14.8,64,5.0,160
332,2020-06-24 07:00:00,17.316666666666666,91.99333333333334,device 1,site A,25.0,15.9,57,5.5,280
333,2020-06-24 07:00:00,17.39,63.54666666666666,device 2,site A,25.0,15.9,57,5.5,280
334,2020-06-24 08:00:00,17.265,92.745,device 1,site A,26.0,15.1,51,7.4,274
335,2020-06-24 08:00:00,17.473333333333333,59.89333333333334,device 2,site A,26.0,15.1,51,7.4,274
336,2020-06-24 09:00:00,17.413333333333334,89.79,device 1,site A,26.8,13.5,44,8.0,270
337,2020-06-24 09:00:00,17.57,60.473333333333336,device 2,site A,26.8,13.5,44,8.0,270
338,2020-06-24 10:00:00,17.725,93.99,device 1,site A,29.0,15.2,43,11.1,243
339,2020-06-24 10:00:00,17.763333333333332,61.70666666666667,device 2,site A,29.0,15.2,43,11.1,243
340,2020-06-24 11:00:00,17.713333333333335,83.57,device 1,site A,30.0,14.9,40,14.8,226
341,2020-06-24 11:00:00,17.82,61.905,device 2,site A,30.0,14.9,40,14.8,226
342,2020-06-24 12:00:00,17.763333333333335,82.72666666666667,device 1,site A,30.2,15.5,41,13.0,270
343,2020-06-24 12:00:00,17.790000000000003,64.45666666666666,device 2,site A,30.2,15.5,41,13.0,270
344,2020-06-24 13:00:00,17.653333333333332,89.70333333333333,device 1,site A,30.0,10.0,29,18.5,208
345,2020-06-24 13:00:00,17.63,66.45666666666666,device 2,site A,30.0,10.0,29,18.5,208
346,2020-06-24 14:00:00,17.485,93.51,device 1,site A,30.0,12.0,33,18.5,203
347,2020-06-24 14:00:00,17.575,68.19,device 2,site A,30.0,12.0,33,18.5,203
348,2020-06-24 15:00:00,17.476666666666663,92.96,device 1,site A,29.7,12.6,35,13.0,230
349,2020-06-24 15:00:00,17.56,68.55666666666667,device 2,site A,29.7,12.6,35,13.0,230
350,2020-06-24 16:00:00,17.623333333333335,84.52999999999999,device 1,site A,28.0,13.1,40,14.8,216
351,2020-06-24 16:00:00,17.843333333333334,64.29333333333334,device 2,site A,28.0,13.1,40,14.8,216
352,2020-06-24 17:00:00,17.863333333333333,76.21666666666667,device 1,site A,28.0,13.1,40,13.0,210
353,2020-06-24 17:00:00,17.986666666666668,63.71,device 2,site A,28.0,13.1,40,13.0,210
354,2020-06-24 18:00:00,18.08666666666667,89.50666666666666,device 1,site A,26.9,14.0,45,9.0,200
355,2020-06-24 18:00:00,18.060000000000002,61.36666666666667,device 2,site A,26.9,14.0,45,9.0,200
356,2020-06-24 19:00:00,18.096666666666668,86.42,device 1,site A,23.0,15.1,61,9.3,209
357,2020-06-24 19:00:00,18.153333333333336,63.34666666666667,device 2,site A,23.0,15.1,61,9.3,209
358,2020-06-24 20:00:00,18.165,82.765,device 1,site A,22.0,14.1,61,7.4,196
359,2020-06-24 20:00:00,18.333333333333332,57.79666666666666,device 2,site A,22.0,14.1,61,7.4,196
360,2020-06-24 21:00:00,18.213333333333335,85.33333333333333,device 1,site A,21.6,13.8,61,4.0,190
361,2020-06-24 21:00:00,18.476666666666667,59.30666666666667,device 2,site A,21.6,13.8,61,4.0,190
362,2020-06-24 22:00:00,18.526666666666667,91.81666666666666,device 1,site A,20.0,14.1,69,5.5,159
363,2020-06-24 22:00:00,18.716666666666665,57.663333333333334,device 2,site A,20.0,14.1,69,5.5,159
364,2020-06-24 23:00:00,18.7,93.57333333333334,device 1,site A,20.0,14.1,69,5.5,148
365,2020-06-24 23:00:00,18.86,64.90666666666667,device 2,site A,20.0,14.1,69,5.5,148
366,2020-06-25 00:00:00,18.856666666666666,93.55000000000001,device 1,site A,18.5,13.4,72,5.0,140
367,2020-06-25 00:00:00,19.02,68.04,device 2,site A,18.5,13.4,72,5.0,140
368,2020-06-25 01:00:00,18.86,92.72333333333334,device 1,site A,19.0,13.0,68,5.5,135
369,2020-06-25 01:00:00,19.090000000000003,66.45333333333333,device 2,site A,19.0,13.0,68,5.5,135
370,2020-06-25 02:00:00,18.87,90.52999999999999,device 1,site A,18.0,13.1,73,5.5,137
371,2020-06-25 02:00:00,19.093333333333334,68.36333333333333,device 2,site A,18.0,13.1,73,5.5,137
372,2020-06-25 03:00:00,18.880000000000003,89.18,device 1,site A,17.8,12.9,73,9.0,100
373,2020-06-25 03:00:00,19.064999999999998,66.71000000000001,device 2,site A,17.8,12.9,73,9.0,100
374,2020-06-25 04:00:00,18.89,89.28333333333335,device 1,site A,19.0,13.0,68,7.4,119
375,2020-06-25 04:00:00,19.05333333333333,62.133333333333326,device 2,site A,19.0,13.0,68,7.4,119
376,2020-06-25 05:00:00,18.886666666666667,87.82,device 1,site A,18.0,13.1,73,5.5,130
377,2020-06-25 05:00:00,19.006666666666664,64.93333333333334,device 2,site A,18.0,13.1,73,5.5,130
378,2020-06-25 06:00:00,18.856666666666666,83.80666666666667,device 1,site A,21.7,15.5,68,5.0,20
379,2020-06-25 06:00:00,18.96,65.81,device 2,site A,21.7,15.5,68,5.0,20
380,2020-06-25 07:00:00,18.853333333333335,83.05333333333334,device 1,site A,24.0,16.0,61,5.5,240
381,2020-06-25 07:00:00,18.96,61.26666666666667,device 2,site A,24.0,16.0,61,5.5,240
382,2020-06-25 08:00:00,18.9,81.78666666666666,device 1,site A,26.0,16.0,54,7.4,257
383,2020-06-25 08:00:00,18.96,60.13333333333333,device 2,site A,26.0,16.0,54,7.4,257
384,2020-06-25 09:00:00,19.006666666666664,82.57666666666667,device 1,site A,26.6,14.0,46,8.0,290
385,2020-06-25 09:00:00,18.98333333333333,59.06,device 2,site A,26.6,14.0,46,8.0,290
386,2020-06-25 10:00:00,19.125,82.06,device 1,site A,28.0,16.0,48,11.1,242
387,2020-06-25 10:00:00,19.119999999999997,60.05,device 2,site A,28.0,16.0,48,11.1,242
388,2020-06-25 11:00:00,19.3,81.36,device 1,site A,30.0,12.9,35,14.8,218
389,2020-06-25 11:00:00,19.22,60.15333333333333,device 2,site A,30.0,12.9,35,14.8,218
390,2020-06-25 12:00:00,19.476666666666667,82.42,device 1,site A,29.9,11.9,33,26.0,200
391,2020-06-25 12:00:00,19.430000000000003,59.97666666666667,device 2,site A,29.9,11.9,33,26.0,200
392,2020-06-25 13:00:00,19.69333333333333,83.21666666666665,device 1,site A,29.0,10.2,31,20.4,201
393,2020-06-25 13:00:00,19.69333333333333,63.36333333333332,device 2,site A,29.0,10.2,31,20.4,201
394,2020-06-25 14:00:00,19.873333333333335,85.91666666666667,device 1,site A,28.0,13.1,40,20.4,196
395,2020-06-25 14:00:00,19.87,62.096666666666664,device 2,site A,28.0,13.1,40,20.4,196
396,2020-06-25 15:00:00,20.206666666666667,86.31666666666666,device 1,site A,28.4,13.1,39,21.0,190
397,2020-06-25 15:00:00,20.066666666666666,63.43333333333334,device 2,site A,28.4,13.1,39,21.0,190
398,2020-06-25 16:00:00,20.365000000000002,85.08500000000001,device 1,site A,28.0,13.1,40,18.5,191
399,2020-06-25 16:00:00,20.319999999999997,64.40333333333332,device 2,site A,28.0,13.1,40,18.5,191
400,2020-06-25 17:00:00,20.486666666666665,84.64,device 1,site A,27.0,11.9,39,14.8,190
401,2020-06-25 17:00:00,20.445,62.019999999999996,device 2,site A,27.0,11.9,39,14.8,190
402,2020-06-25 18:00:00,20.523333333333333,85.19666666666666,device 1,site A,26.2,11.5,40,13.0,200
403,2020-06-25 18:00:00,20.476666666666667,68.95333333333333,device 2,site A,26.2,11.5,40,13.0,200
404,2020-06-25 19:00:00,20.53,82.84333333333335,device 1,site A,24.0,9.9,41,9.3,179
405,2020-06-25 19:00:00,20.503333333333334,68.58666666666666,device 2,site A,24.0,9.9,41,9.3,179
406,2020-06-25 20:00:00,20.52333333333333,80.28333333333335,device 1,site A,22.0,10.2,47,7.4,165
407,2020-06-25 20:00:00,20.483333333333334,69.46333333333332,device 2,site A,22.0,10.2,47,7.4,165
408,2020-06-25 21:00:00,20.51,77.54333333333334,device 1,site A,22.6,9.0,42,8.0,100
409,2020-06-25 21:00:00,20.523333333333333,63.06333333333333,device 2,site A,22.6,9.0,42,8.0,100
410,2020-06-25 22:00:00,20.47,75.41,device 1,site A,19.0,10.0,56,7.4,113
411,2020-06-25 22:00:00,20.53,60.01,device 2,site A,19.0,10.0,56,7.4,113
412,2020-06-25 23:00:00,20.44,74.385,device 1,site A,20.0,10.1,53,5.5,127
413,2020-06-25 23:00:00,20.513333333333335,56.85666666666666,device 2,site A,20.0,10.1,53,5.5,127
414,2020-06-26 00:00:00,20.42,70.87,device 1,site A,19.2,10.7,58,8.0,150
415,2020-06-26 00:00:00,20.483333333333334,54.35666666666666,device 2,site A,19.2,10.7,58,8.0,150
416,2020-06-26 01:00:00,20.35333333333333,69.27666666666666,device 1,site A,17.0,11.1,68,7.4,119
417,2020-06-26 01:00:00,20.433333333333334,51.49333333333334,device 2,site A,17.0,11.1,68,7.4,119
418,2020-06-26 02:00:00,20.286666666666665,70.06666666666666,device 1,site A,18.0,11.1,64,7.4,125
419,2020-06-26 02:00:00,20.393333333333334,54.546666666666674,device 2,site A,18.0,11.1,64,7.4,125
420,2020-06-26 03:00:00,20.25,70.31666666666666,device 1,site A,17.3,11.3,68,9.0,140
421,2020-06-26 03:00:00,20.35,52.375,device 2,site A,17.3,11.3,68,9.0,140
422,2020-06-26 04:00:00,20.233333333333334,70.85000000000001,device 1,site A,19.0,10.0,56,7.4,122
423,2020-06-26 04:00:00,20.326666666666664,48.196666666666665,device 2,site A,19.0,10.0,56,7.4,122
424,2020-06-26 05:00:00,20.22,68.4,device 1,site A,21.0,11.1,53,7.4,120
425,2020-06-26 05:00:00,20.31,45.81,device 2,site A,21.0,11.1,53,7.4,120
426,2020-06-16 15:00:00,18.689999999999998,94.275,device 3,site B,23.0,12.0,50,27.8,242
427,2020-06-16 15:00:00,19.215,89.47,device 4,site B,23.0,12.0,50,27.8,242
428,2020-06-16 15:00:00,19.225,88.275,device 5,site B,23.0,12.0,50,27.8,242
429,2020-06-16 16:00:00,18.319999999999997,98.52333333333333,device 3,site B,23.0,12.0,50,27.8,249
430,2020-06-16 16:00:00,19.116666666666667,88.73333333333333,device 4,site B,23.0,12.0,50,27.8,249
431,2020-06-16 16:00:00,19.32,90.46333333333332,device 5,site B,23.0,12.0,50,27.8,249
432,2020-06-16 17:00:00,18.049999999999997,99.72999999999999,device 3,site B,23.0,12.0,50,25.9,252
433,2020-06-16 17:00:00,19.106666666666666,89.30333333333333,device 4,site B,23.0,12.0,50,25.9,252
434,2020-06-16 17:00:00,19.203333333333333,92.41000000000001,device 5,site B,23.0,12.0,50,25.9,252
435,2020-06-16 18:00:00,18.376666666666665,100.49000000000001,device 3,site B,22.0,13.1,57,24.1,257
436,2020-06-16 18:00:00,19.07,91.125,device 4,site B,22.0,13.1,57,24.1,257
437,2020-06-16 18:00:00,19.075,98.465,device 5,site B,22.0,13.1,57,24.1,257
438,2020-06-16 19:00:00,18.490000000000002,100.765,device 3,site B,22.0,13.1,57,22.2,257
439,2020-06-16 19:00:00,19.023333333333337,90.07333333333334,device 4,site B,22.0,13.1,57,22.2,257
440,2020-06-16 19:00:00,19.24,99.39666666666666,device 5,site B,22.0,13.1,57,22.2,257
441,2020-06-16 20:00:00,18.48,100.49000000000001,device 3,site B,21.0,15.1,69,18.5,260
442,2020-06-16 20:00:00,18.91,88.24000000000001,device 4,site B,21.0,15.1,69,18.5,260
443,2020-06-16 20:00:00,19.209999999999997,97.94999999999999,device 5,site B,21.0,15.1,69,18.5,260
444,2020-06-16 21:00:00,18.606666666666666,100.52666666666666,device 3,site B,21.0,15.1,69,16.7,260
445,2020-06-16 21:00:00,18.91,97.17666666666668,device 4,site B,21.0,15.1,69,16.7,260
446,2020-06-16 21:00:00,19.01,96.7,device 5,site B,21.0,15.1,69,16.7,260
447,2020-06-16 22:00:00,18.563333333333333,101.11333333333334,device 3,site B,21.0,13.9,64,13.0,261
448,2020-06-16 22:00:00,18.78333333333333,92.50333333333333,device 4,site B,21.0,13.9,64,13.0,261
449,2020-06-16 22:00:00,18.849999999999998,97.10000000000001,device 5,site B,21.0,13.9,64,13.0,261
450,2020-06-16 23:00:00,18.29,100.705,device 3,site B,19.0,14.1,73,11.1,264
451,2020-06-16 23:00:00,18.786666666666665,91.58999999999999,device 4,site B,19.0,14.1,73,11.1,264
452,2020-06-16 23:00:00,18.855,97.22,device 5,site B,19.0,14.1,73,11.1,264
453,2020-06-17 00:00:00,18.316666666666666,101.42333333333333,device 3,site B,18.0,14.1,78,9.3,264
454,2020-06-17 00:00:00,18.805,91.555,device 4,site B,18.0,14.1,78,9.3,264
455,2020-06-17 00:00:00,18.926666666666666,98.42333333333333,device 5,site B,18.0,14.1,78,9.3,264
456,2020-06-17 01:00:00,18.283333333333335,101.62666666666667,device 3,site B,16.0,14.0,88,7.4,273
457,2020-06-17 01:00:00,18.795,90.36500000000001,device 4,site B,16.0,14.0,88,7.4,273
458,2020-06-17 01:00:00,18.38,96.77666666666666,device 5,site B,16.0,14.0,88,7.4,273
459,2020-06-17 02:00:00,18.253333333333334,100.93666666666667,device 3,site B,18.0,13.1,73,7.4,276
460,2020-06-17 02:00:00,18.76,88.31,device 4,site B,18.0,13.1,73,7.4,276
461,2020-06-17 02:00:00,18.276666666666667,96.83,device 5,site B,18.0,13.1,73,7.4,276
462,2020-06-17 03:00:00,18.073333333333334,101.07333333333334,device 3,site B,16.0,12.0,77,7.4,282
463,2020-06-17 03:00:00,18.736666666666665,88.54,device 4,site B,16.0,12.0,77,7.4,282
464,2020-06-17 03:00:00,18.276666666666667,95.38333333333333,device 5,site B,16.0,12.0,77,7.4,282
465,2020-06-17 04:00:00,18.03666666666667,101.92333333333333,device 3,site B,17.0,12.9,77,5.5,317
466,2020-06-17 04:00:00,18.636666666666667,85.45333333333333,device 4,site B,17.0,12.9,77,5.5,317
467,2020-06-17 04:00:00,18.275,93.69999999999999,device 5,site B,17.0,12.9,77,5.5,317
468,2020-06-17 05:00:00,18.025,101.53999999999999,device 3,site B,18.0,13.1,73,5.5,293
469,2020-06-17 05:00:00,18.500000000000004,83.55666666666667,device 4,site B,18.0,13.1,73,5.5,293
470,2020-06-17 05:00:00,18.26,91.5,device 5,site B,18.0,13.1,73,5.5,293
471,2020-06-17 06:00:00,17.906666666666666,101.3,device 3,site B,21.0,12.2,57,7.4,272
472,2020-06-17 06:00:00,18.37,83.285,device 4,site B,21.0,12.2,57,7.4,272
473,2020-06-17 06:00:00,18.203333333333333,90.74000000000001,device 5,site B,21.0,12.2,57,7.4,272
474,2020-06-17 07:00:00,18.03,100.43333333333334,device 3,site B,23.0,12.9,53,13.0,258
475,2020-06-17 07:00:00,18.28,82.325,device 4,site B,23.0,12.9,53,13.0,258
476,2020-06-17 07:00:00,18.183333333333334,88.49666666666667,device 5,site B,23.0,12.9,53,13.0,258
477,2020-06-17 08:00:00,17.583333333333332,101.02333333333333,device 3,site B,24.0,12.9,50,16.7,251
478,2020-06-17 08:00:00,18.246666666666666,84.94333333333333,device 4,site B,24.0,12.9,50,16.7,251
479,2020-06-17 08:00:00,18.17,89.72999999999999,device 5,site B,24.0,12.9,50,16.7,251
480,2020-06-17 09:00:00,17.66333333333333,100.74333333333333,device 3,site B,25.0,12.9,47,24.1,252
481,2020-06-17 09:00:00,18.18,86.61333333333333,device 4,site B,25.0,12.9,47,24.1,252
482,2020-06-17 09:00:00,18.15,92.88999999999999,device 5,site B,25.0,12.9,47,24.1,252
483,2020-06-17 10:00:00,17.630000000000003,100.53,device 3,site B,25.0,12.9,47,27.8,245
484,2020-06-17 10:00:00,18.25,88.77000000000001,device 4,site B,25.0,12.9,47,27.8,245
485,2020-06-17 10:00:00,18.133333333333333,90.67333333333333,device 5,site B,25.0,12.9,47,27.8,245
486,2020-06-17 11:00:00,17.706666666666667,101.66000000000001,device 3,site B,24.0,12.0,47,31.5,246
487,2020-06-17 11:00:00,18.34,89.39,device 4,site B,24.0,12.0,47,31.5,246
488,2020-06-17 11:00:00,18.173333333333336,93.98333333333335,device 5,site B,24.0,12.0,47,31.5,246
489,2020-06-17 12:00:00,17.413333333333338,102.59333333333332,device 3,site B,25.0,11.9,44,35.2,246
490,2020-06-17 12:00:00,18.356666666666666,89.65333333333332,device 4,site B,25.0,11.9,44,35.2,246
491,2020-06-17 12:00:00,18.283333333333335,96.06666666666666,device 5,site B,25.0,11.9,44,35.2,246
492,2020-06-17 13:00:00,17.526666666666667,103.41333333333334,device 3,site B,25.0,11.9,44,37.0,248
493,2020-06-17 13:00:00,18.5,90.5,device 4,site B,25.0,11.9,44,37.0,248
494,2020-06-17 13:00:00,18.39,94.935,device 5,site B,25.0,11.9,44,37.0,248
495,2020-06-17 14:00:00,17.720000000000002,103.43333333333334,device 3,site B,24.0,11.0,44,37.0,251
496,2020-06-17 14:00:00,18.52333333333333,90.67,device 4,site B,24.0,11.0,44,37.0,251
497,2020-06-17 14:00:00,18.42,94.42999999999999,device 5,site B,24.0,11.0,44,37.0,251
498,2020-06-17 15:00:00,17.713333333333335,104.23666666666668,device 3,site B,24.0,11.0,44,37.0,253
499,2020-06-17 15:00:00,18.6,91.985,device 4,site B,24.0,11.0,44,37.0,253
500,2020-06-17 15:00:00,18.473333333333333,97.99333333333334,device 5,site B,24.0,11.0,44,37.0,253
501,2020-06-17 16:00:00,17.759999999999998,105.02,device 3,site B,23.0,11.1,47,35.2,257
502,2020-06-17 16:00:00,18.63,93.79666666666667,device 4,site B,23.0,11.1,47,35.2,257
503,2020-06-17 16:00:00,18.41,98.74666666666667,device 5,site B,23.0,11.1,47,35.2,257
504,2020-06-17 17:00:00,17.83666666666667,104.76333333333334,device 3,site B,23.0,10.1,44,33.3,259
505,2020-06-17 17:00:00,18.673333333333336,95.08,device 4,site B,23.0,10.1,44,33.3,259
506,2020-06-17 17:00:00,18.555,102.345,device 5,site B,23.0,10.1,44,33.3,259
507,2020-06-17 18:00:00,17.816666666666666,105.57000000000001,device 3,site B,22.0,11.1,50,31.5,259
508,2020-06-17 18:00:00,18.666666666666668,95.60333333333334,device 4,site B,22.0,11.1,50,31.5,259
509,2020-06-17 18:00:00,18.55,103.17,device 5,site B,22.0,11.1,50,31.5,259
510,2020-06-17 19:00:00,17.786666666666665,105.99333333333334,device 3,site B,21.0,12.2,57,27.8,259
511,2020-06-17 19:00:00,18.67,95.2,device 4,site B,21.0,12.2,57,27.8,259
512,2020-06-17 19:00:00,18.53,101.89333333333332,device 5,site B,21.0,12.2,57,27.8,259
513,2020-06-17 20:00:00,17.790000000000003,105.33999999999999,device 3,site B,20.0,13.0,64,22.2,263
514,2020-06-17 20:00:00,18.653333333333332,95.00333333333333,device 4,site B,20.0,13.0,64,22.2,263
515,2020-06-17 20:00:00,18.529999999999998,102.34333333333332,device 5,site B,20.0,13.0,64,22.2,263
516,2020-06-17 21:00:00,17.75,104.31,device 3,site B,20.0,14.1,69,20.4,264
517,2020-06-17 21:00:00,18.52,93.94,device 4,site B,20.0,14.1,69,20.4,264
518,2020-06-17 21:00:00,18.47,102.87333333333333,device 5,site B,20.0,14.1,69,20.4,264
519,2020-06-17 22:00:00,17.72,103.44000000000001,device 3,site B,20.0,12.0,60,22.2,264
520,2020-06-17 22:00:00,18.48333333333333,93.55333333333333,device 4,site B,20.0,12.0,60,22.2,264
521,2020-06-17 22:00:00,18.57,102.525,device 5,site B,20.0,12.0,60,22.2,264
522,2020-06-17 23:00:00,17.7,102.38,device 3,site B,20.0,12.0,60,18.5,268
523,2020-06-17 23:00:00,18.439999999999998,90.74000000000001,device 4,site B,20.0,12.0,60,18.5,268
524,2020-06-17 23:00:00,18.400000000000002,101.13,device 5,site B,20.0,12.0,60,18.5,268
525,2020-06-18 00:00:00,17.680000000000003,103.55666666666667,device 3,site B,19.0,12.0,64,16.7,268
526,2020-06-18 00:00:00,18.47,90.175,device 4,site B,19.0,12.0,64,16.7,268
527,2020-06-18 00:00:00,18.226666666666667,99.31333333333333,device 5,site B,19.0,12.0,64,16.7,268
528,2020-06-18 01:00:00,17.653333333333332,102.77666666666666,device 3,site B,18.0,12.0,68,13.0,273
529,2020-06-18 01:00:00,18.46,92.17500000000001,device 4,site B,18.0,12.0,68,13.0,273
530,2020-06-18 01:00:00,18.066666666666666,98.18666666666667,device 5,site B,18.0,12.0,68,13.0,273
531,2020-06-18 02:00:00,17.75,102.94,device 3,site B,16.0,12.0,77,11.1,276
532,2020-06-18 02:00:00,18.400000000000002,88.18666666666667,device 4,site B,16.0,12.0,77,11.1,276
533,2020-06-18 02:00:00,17.94333333333333,97.23333333333335,device 5,site B,16.0,12.0,77,11.1,276
534,2020-06-18 03:00:00,17.74,103.44333333333333,device 3,site B,16.0,11.0,72,9.3,283
535,2020-06-18 03:00:00,18.25,88.96000000000001,device 4,site B,16.0,11.0,72,9.3,283
536,2020-06-18 03:00:00,17.814999999999998,95.96000000000001,device 5,site B,16.0,11.0,72,9.3,283
537,2020-06-18 04:00:00,17.706666666666667,102.35666666666668,device 3,site B,17.0,11.1,68,5.5,344
538,2020-06-18 04:00:00,18.12666666666667,89.79,device 4,site B,17.0,11.1,68,5.5,344
539,2020-06-18 04:00:00,17.763333333333332,94.15333333333332,device 5,site B,17.0,11.1,68,5.5,344
540,2020-06-18 05:00:00,17.650000000000002,100.27999999999999,device 3,site B,18.0,11.1,64,5.5,316
541,2020-06-18 05:00:00,18.10666666666667,87.87,device 4,site B,18.0,11.1,64,5.5,316
542,2020-06-18 05:00:00,17.696666666666665,91.76666666666667,device 5,site B,18.0,11.1,64,5.5,316
543,2020-06-18 06:00:00,17.62333333333333,99.13,device 3,site B,20.0,12.0,60,7.4,273
544,2020-06-18 06:00:00,18.083333333333332,85.58333333333333,device 4,site B,20.0,12.0,60,7.4,273
545,2020-06-18 06:00:00,17.666666666666668,90.03000000000002,device 5,site B,20.0,12.0,60,7.4,273
546,2020-06-18 07:00:00,17.623333333333335,101.03000000000002,device 3,site B,20.0,13.0,64,9.3,242
547,2020-06-18 07:00:00,18.07,85.405,device 4,site B,20.0,13.0,64,9.3,242
548,2020-06-18 07:00:00,17.790000000000003,90.72000000000001,device 5,site B,20.0,13.0,64,9.3,242
549,2020-06-18 08:00:00,17.665,101.83,device 3,site B,21.4,12.8,58,14.8,229
550,2020-06-18 08:00:00,18.06,85.13499999999999,device 4,site B,21.4,12.8,58,14.8,229
551,2020-06-18 08:00:00,17.93,93.03999999999999,device 5,site B,21.4,12.8,58,14.8,229
552,2020-06-18 09:00:00,17.723333333333333,103.22333333333334,device 3,site B,22.0,14.1,61,20.4,228
553,2020-06-18 09:00:00,17.97,85.86000000000001,device 4,site B,22.0,14.1,61,20.4,228
554,2020-06-18 09:00:00,17.893333333333334,93.46666666666665,device 5,site B,22.0,14.1,61,20.4,228
555,2020-06-18 10:00:00,17.763333333333335,104.41333333333334,device 3,site B,24.0,12.9,50,27.8,236
556,2020-06-18 10:00:00,18.07,85.75333333333333,device 4,site B,24.0,12.9,50,27.8,236
557,2020-06-18 10:00:00,17.916666666666668,88.94333333333334,device 5,site B,24.0,12.9,50,27.8,236
558,2020-06-18 11:00:00,17.713333333333335,103.71666666666665,device 3,site B,20.0,14.1,69,29.6,237
559,2020-06-18 11:00:00,18.11,86.46,device 4,site B,20.0,14.1,69,29.6,237
560,2020-06-18 11:00:00,18.013333333333335,90.56,device 5,site B,20.0,14.1,69,29.6,237
561,2020-06-18 12:00:00,17.715,104.065,device 3,site B,20.0,14.1,69,31.5,237
562,2020-06-18 12:00:00,18.215,87.685,device 4,site B,20.0,14.1,69,31.5,237
563,2020-06-18 12:00:00,18.1,91.97999999999999,device 5,site B,20.0,14.1,69,31.5,237
564,2020-06-18 13:00:00,17.63,104.825,device 3,site B,22.0,13.1,57,31.5,239
565,2020-06-18 13:00:00,18.216666666666665,88.06333333333333,device 4,site B,22.0,13.1,57,31.5,239
566,2020-06-18 13:00:00,18.13333333333333,89.64333333333333,device 5,site B,22.0,13.1,57,31.5,239
567,2020-06-18 14:00:00,17.705,105.245,device 3,site B,22.0,13.1,57,33.3,240
568,2020-06-18 14:00:00,18.29,88.105,device 4,site B,22.0,13.1,57,33.3,240
569,2020-06-18 14:00:00,18.163333333333334,90.57000000000001,device 5,site B,22.0,13.1,57,33.3,240
570,2020-06-18 15:00:00,17.72,106.14,device 3,site B,22.0,12.0,53,31.5,243
571,2020-06-18 15:00:00,18.395000000000003,87.34,device 4,site B,22.0,12.0,53,31.5,243
572,2020-06-18 15:00:00,18.27,91.45,device 5,site B,22.0,12.0,53,31.5,243
573,2020-06-18 16:00:00,17.94,105.51,device 3,site B,23.0,12.9,53,31.5,241
574,2020-06-18 16:00:00,18.26,89.71,device 4,site B,23.0,12.9,53,31.5,241
575,2020-06-18 20:00:00,18.063333333333333,105.7,device 3,site B,20.0,10.1,53,18.5,258
576,2020-06-18 20:00:00,18.33,91.68,device 4,site B,20.0,10.1,53,18.5,258
577,2020-06-18 20:00:00,18.666666666666668,100.41000000000001,device 5,site B,20.0,10.1,53,18.5,258
578,2020-06-18 21:00:00,18.043333333333333,105.04333333333334,device 3,site B,20.0,10.1,53,14.8,260
579,2020-06-18 21:00:00,18.30666666666667,91.39999999999999,device 4,site B,20.0,10.1,53,14.8,260
580,2020-06-18 21:00:00,18.53,99.185,device 5,site B,20.0,10.1,53,14.8,260
581,2020-06-18 22:00:00,17.959999999999997,104.79333333333334,device 3,site B,20.0,11.0,56,9.3,265
582,2020-06-18 22:00:00,18.136666666666667,91.71999999999998,device 4,site B,20.0,11.0,56,9.3,265
583,2020-06-18 22:00:00,18.456666666666663,99.31333333333333,device 5,site B,20.0,11.0,56,9.3,265
584,2020-06-18 23:00:00,17.916666666666668,104.44333333333334,device 3,site B,19.0,14.1,73,9.3,272
585,2020-06-18 23:00:00,18.116666666666664,90.7,device 4,site B,19.0,14.1,73,9.3,272
586,2020-06-18 23:00:00,18.393333333333334,99.39333333333333,device 5,site B,19.0,14.1,73,9.3,272
587,2020-06-19 00:00:00,17.835,105.815,device 3,site B,18.0,14.1,78,9.3,273
588,2020-06-19 00:00:00,18.136666666666667,91.91666666666667,device 4,site B,18.0,14.1,78,9.3,273
589,2020-06-19 00:00:00,18.400000000000002,99.28333333333335,device 5,site B,18.0,14.1,78,9.3,273
590,2020-06-19 01:00:00,17.83,103.07333333333334,device 3,site B,14.0,12.0,88,7.4,283
591,2020-06-19 01:00:00,18.14,94.87666666666667,device 4,site B,14.0,12.0,88,7.4,283
592,2020-06-19 01:00:00,18.343333333333334,97.44,device 5,site B,14.0,12.0,88,7.4,283
593,2020-06-19 02:00:00,17.81,103.40333333333335,device 3,site B,14.0,12.0,88,7.4,287
594,2020-06-19 02:00:00,18.16,97.295,device 4,site B,14.0,12.0,88,7.4,287
595,2020-06-19 02:00:00,18.275,96.65,device 5,site B,14.0,12.0,88,7.4,287
596,2020-06-19 03:00:00,17.816666666666666,103.35000000000001,device 3,site B,12.0,9.0,82,5.5,294
597,2020-06-19 03:00:00,18.12666666666667,96.49333333333334,device 4,site B,12.0,9.0,82,5.5,294
598,2020-06-19 03:00:00,18.150000000000002,97.90333333333332,device 5,site B,12.0,9.0,82,5.5,294
599,2020-06-19 04:00:00,17.80666666666667,102.73333333333333,device 3,site B,13.0,11.1,88,5.5,327
600,2020-06-19 04:00:00,18.12,94.85,device 4,site B,13.0,11.1,88,5.5,327
601,2020-06-19 04:00:00,17.830000000000002,97.27666666666666,device 5,site B,13.0,11.1,88,5.5,327
602,2020-06-19 05:00:00,17.790000000000003,100.62333333333333,device 3,site B,17.0,12.9,77,5.5,309
603,2020-06-19 05:00:00,18.10666666666667,94.25333333333333,device 4,site B,17.0,12.9,77,5.5,309
604,2020-06-19 05:00:00,17.799999999999997,99.13333333333333,device 5,site B,17.0,12.9,77,5.5,309
605,2020-06-19 06:00:00,17.770000000000003,100.53999999999999,device 3,site B,19.0,12.0,64,7.4,277
606,2020-06-19 06:00:00,18.086666666666666,91.86000000000001,device 4,site B,19.0,12.0,64,7.4,277
607,2020-06-19 06:00:00,17.935000000000002,98.505,device 5,site B,19.0,12.0,64,7.4,277
608,2020-06-19 07:00:00,17.75,100.44666666666667,device 3,site B,23.0,12.0,50,9.3,248
609,2020-06-19 07:00:00,18.03,89.14500000000001,device 4,site B,23.0,12.0,50,9.3,248
610,2020-06-19 07:00:00,18.0,95.18333333333332,device 5,site B,23.0,12.0,50,9.3,248
611,2020-06-19 08:00:00,17.786666666666665,100.92333333333333,device 3,site B,25.0,11.2,42,13.0,233
612,2020-06-19 08:00:00,17.98,96.25,device 4,site B,25.0,11.2,42,13.0,233
613,2020-06-19 08:00:00,17.97,92.88499999999999,device 5,site B,25.0,11.2,42,13.0,233
614,2020-06-19 09:00:00,17.819999999999997,102.38,device 3,site B,25.0,11.9,44,18.5,230
615,2020-06-19 09:00:00,17.923333333333336,91.78333333333335,device 4,site B,25.0,11.9,44,18.5,230
616,2020-06-19 09:00:00,17.970000000000002,92.42333333333333,device 5,site B,25.0,11.9,44,18.5,230
617,2020-06-19 10:00:00,17.843333333333334,103.56666666666666,device 3,site B,26.0,10.2,37,27.8,245
618,2020-06-19 10:00:00,17.905,92.175,device 4,site B,26.0,10.2,37,27.8,245
619,2020-06-19 10:00:00,17.95,90.27999999999999,device 5,site B,26.0,10.2,37,27.8,245
620,2020-06-19 11:00:00,17.825,103.695,device 3,site B,25.0,11.9,44,29.6,241
621,2020-06-19 11:00:00,17.92,93.22,device 4,site B,25.0,11.9,44,29.6,241
622,2020-06-19 11:00:00,18.015,86.295,device 5,site B,25.0,11.9,44,29.6,241
623,2020-06-19 12:00:00,17.75,104.33,device 3,site B,25.0,11.9,44,31.5,243
624,2020-06-19 12:00:00,18.11666666666667,93.75,device 4,site B,25.0,11.9,44,31.5,243
625,2020-06-19 12:00:00,18.116666666666667,87.46666666666665,device 5,site B,25.0,11.9,44,31.5,243
626,2020-06-19 13:00:00,17.373333333333335,104.07333333333332,device 3,site B,25.0,12.9,47,33.3,246
627,2020-06-19 13:00:00,18.209999999999997,93.49333333333334,device 4,site B,25.0,12.9,47,33.3,246
628,2020-06-19 13:00:00,18.33666666666667,93.64333333333333,device 5,site B,25.0,12.9,47,33.3,246
629,2020-06-19 14:00:00,17.456666666666663,104.85333333333334,device 3,site B,25.0,11.9,44,35.2,249
630,2020-06-19 14:00:00,18.32,95.775,device 4,site B,25.0,11.9,44,35.2,249
631,2020-06-19 14:00:00,18.5,96.65666666666668,device 5,site B,25.0,11.9,44,35.2,249
632,2020-06-19 15:00:00,17.6,105.02333333333335,device 3,site B,24.0,9.2,39,33.3,250
633,2020-06-19 15:00:00,18.56,96.48,device 4,site B,24.0,9.2,39,33.3,250
634,2020-06-19 15:00:00,18.69,96.85000000000001,device 5,site B,24.0,9.2,39,33.3,250
635,2020-06-19 16:00:00,17.79,105.745,device 3,site B,24.0,11.0,44,33.3,257
636,2020-06-19 16:00:00,18.576666666666664,96.66666666666667,device 4,site B,24.0,11.0,44,33.3,257
637,2020-06-19 16:00:00,18.880000000000003,99.055,device 5,site B,24.0,11.0,44,33.3,257
638,2020-06-19 17:00:00,17.77,105.71999999999998,device 3,site B,24.0,9.9,41,29.6,260
639,2020-06-19 17:00:00,18.456666666666667,96.48333333333333,device 4,site B,24.0,9.9,41,29.6,260
640,2020-06-19 17:00:00,18.833333333333332,100.53666666666668,device 5,site B,24.0,9.9,41,29.6,260
641,2020-06-19 18:00:00,17.566666666666666,105.71666666666665,device 3,site B,23.0,10.1,44,27.8,260
642,2020-06-19 18:00:00,18.47,96.51666666666667,device 4,site B,23.0,10.1,44,27.8,260
643,2020-06-19 18:00:00,18.726666666666667,102.30333333333334,device 5,site B,23.0,10.1,44,27.8,260
644,2020-06-19 19:00:00,17.573333333333334,105.42,device 3,site B,23.0,10.1,44,24.1,263
645,2020-06-19 19:00:00,18.383333333333333,96.42333333333333,device 4,site B,23.0,10.1,44,24.1,263
646,2020-06-19 19:00:00,18.509999999999998,103.64500000000001,device 5,site B,23.0,10.1,44,24.1,263
647,2020-06-19 20:00:00,17.603333333333335,106.63333333333333,device 3,site B,22.0,11.1,50,20.4,268
648,2020-06-19 20:00:00,18.259999999999998,96.065,device 4,site B,22.0,11.1,50,20.4,268
649,2020-06-19 20:00:00,18.405,104.875,device 5,site B,22.0,11.1,50,20.4,268
650,2020-06-19 21:00:00,17.483333333333334,105.39999999999999,device 3,site B,20.0,14.1,69,16.7,270
651,2020-06-19 21:00:00,18.173333333333332,94.67999999999999,device 4,site B,20.0,14.1,69,16.7,270
652,2020-06-19 21:00:00,18.256666666666664,105.0,device 5,site B,20.0,14.1,69,16.7,270
653,2020-06-19 23:00:00,17.715,105.07,device 3,site B,19.0,15.1,78,9.3,286
654,2020-06-19 23:00:00,18.0,90.845,device 4,site B,19.0,15.1,78,9.3,286
655,2020-06-19 23:00:00,17.43,101.59,device 5,site B,19.0,15.1,78,9.3,286
656,2020-06-20 00:00:00,17.689999999999998,104.41333333333334,device 3,site B,19.0,15.1,78,9.3,291
657,2020-06-20 00:00:00,18.01,94.92666666666668,device 4,site B,19.0,15.1,78,9.3,291
658,2020-06-20 00:00:00,17.39,99.85666666666667,device 5,site B,19.0,15.1,78,9.3,291
659,2020-06-20 01:00:00,17.316666666666666,103.24333333333334,device 3,site B,16.0,12.0,77,7.4,296
660,2020-06-20 01:00:00,17.986666666666668,91.48,device 4,site B,16.0,12.0,77,7.4,296
661,2020-06-20 01:00:00,17.494999999999997,98.56,device 5,site B,16.0,12.0,77,7.4,296
662,2020-06-20 02:00:00,17.41,103.315,device 3,site B,16.0,13.1,83,7.4,300
663,2020-06-20 02:00:00,17.975,89.09,device 4,site B,16.0,13.1,83,7.4,300
664,2020-06-20 02:00:00,17.68,98.48333333333335,device 5,site B,16.0,13.1,83,7.4,300
665,2020-06-20 03:00:00,17.345,102.63,device 3,site B,14.0,11.0,82,5.5,307
666,2020-06-20 03:00:00,17.853333333333335,90.21,device 4,site B,14.0,11.0,82,5.5,307
667,2020-06-20 03:00:00,17.400000000000002,99.33333333333333,device 5,site B,14.0,11.0,82,5.5,307
668,2020-06-20 04:00:00,17.33,101.54666666666667,device 3,site B,14.0,11.0,82,5.5,322
669,2020-06-20 04:00:00,17.616666666666667,96.08,device 4,site B,14.0,11.0,82,5.5,322
670,2020-06-20 04:00:00,17.37333333333333,98.46333333333332,device 5,site B,14.0,11.0,82,5.5,322
671,2020-06-20 05:00:00,17.299999999999997,101.81666666666666,device 3,site B,20.0,10.1,53,5.5,323
672,2020-06-20 05:00:00,17.615000000000002,90.83500000000001,device 4,site B,20.0,10.1,53,5.5,323
673,2020-06-20 05:00:00,17.45,97.675,device 5,site B,20.0,10.1,53,5.5,323
674,2020-06-20 06:00:00,17.343333333333334,102.45666666666666,device 3,site B,22.0,9.2,44,5.5,302
675,2020-06-20 06:00:00,17.525,89.225,device 4,site B,22.0,9.2,44,5.5,302
676,2020-06-20 06:00:00,17.403333333333332,97.03666666666668,device 5,site B,22.0,9.2,44,5.5,302
677,2020-06-20 07:00:00,17.263333333333335,101.21,device 3,site B,24.0,12.9,50,7.4,265
678,2020-06-20 07:00:00,17.373333333333335,88.50333333333333,device 4,site B,24.0,12.9,50,7.4,265
679,2020-06-20 07:00:00,17.42,95.71333333333332,device 5,site B,24.0,12.9,50,7.4,265
680,2020-06-20 08:00:00,17.31,100.65666666666668,device 3,site B,24.0,12.0,47,9.3,228
681,2020-06-20 08:00:00,17.465,88.78,device 4,site B,24.0,12.0,47,9.3,228
682,2020-06-20 08:00:00,17.456666666666667,93.81333333333333,device 5,site B,24.0,12.0,47,9.3,228
683,2020-06-20 09:00:00,17.425,99.185,device 3,site B,24.0,12.9,50,14.8,220
684,2020-06-20 09:00:00,17.456666666666667,88.55333333333334,device 4,site B,24.0,12.9,50,14.8,220
685,2020-06-20 09:00:00,17.526666666666667,92.47000000000001,device 5,site B,24.0,12.9,50,14.8,220
686,2020-06-20 10:00:00,17.53,101.80666666666666,device 3,site B,26.0,13.2,45,16.7,220
687,2020-06-20 10:00:00,17.416666666666668,93.13,device 4,site B,26.0,13.2,45,16.7,220
688,2020-06-20 10:00:00,17.740000000000002,91.92,device 5,site B,26.0,13.2,45,16.7,220
689,2020-06-20 11:00:00,17.16,102.77666666666666,device 3,site B,26.0,14.1,48,20.4,223
690,2020-06-20 11:00:00,17.515,89.555,device 4,site B,26.0,14.1,48,20.4,223
691,2020-06-20 11:00:00,17.92,96.39666666666666,device 5,site B,26.0,14.1,48,20.4,223
692,2020-06-20 12:00:00,17.383333333333333,105.35333333333334,device 3,site B,27.0,13.0,42,20.4,227
693,2020-06-20 12:00:00,17.786666666666665,88.27,device 4,site B,27.0,13.0,42,20.4,227
694,2020-06-20 12:00:00,18.02,98.04333333333334,device 5,site B,27.0,13.0,42,20.4,227
695,2020-06-20 13:00:00,17.279999999999998,104.83999999999999,device 3,site B,27.0,14.1,45,22.2,230
696,2020-06-20 13:00:00,17.953333333333333,89.49666666666667,device 4,site B,27.0,14.1,45,22.2,230
697,2020-06-20 13:00:00,18.176666666666666,97.48333333333333,device 5,site B,27.0,14.1,45,22.2,230
698,2020-06-20 14:00:00,17.060000000000002,104.305,device 3,site B,28.0,13.1,40,24.1,238
699,2020-06-20 14:00:00,18.060000000000002,88.58,device 4,site B,28.0,13.1,40,24.1,238
700,2020-06-20 14:00:00,18.19,98.265,device 5,site B,28.0,13.1,40,24.1,238
701,2020-06-20 15:00:00,16.87,102.99333333333334,device 3,site B,29.0,12.8,37,24.1,242
702,2020-06-20 15:00:00,18.28,92.23,device 4,site B,29.0,12.8,37,24.1,242
703,2020-06-20 15:00:00,18.263333333333332,100.02666666666666,device 5,site B,29.0,12.8,37,24.1,242
704,2020-06-20 16:00:00,16.723333333333333,103.49000000000001,device 3,site B,28.0,12.0,37,18.5,250
705,2020-06-20 16:00:00,18.27,95.88999999999999,device 4,site B,28.0,12.0,37,18.5,250
706,2020-06-20 16:00:00,18.283333333333335,101.15666666666668,device 5,site B,28.0,12.0,37,18.5,250
707,2020-06-20 17:00:00,16.790000000000003,104.52666666666666,device 3,site B,27.0,11.1,37,18.5,253
708,2020-06-20 17:00:00,18.19,97.45333333333333,device 4,site B,27.0,11.1,37,18.5,253
709,2020-06-20 17:00:00,18.126666666666665,100.47333333333334,device 5,site B,27.0,11.1,37,18.5,253
710,2020-06-20 18:00:00,16.945,105.465,device 3,site B,25.0,11.9,44,16.7,259
711,2020-06-20 18:00:00,18.003333333333334,97.19666666666667,device 4,site B,25.0,11.9,44,16.7,259
712,2020-06-20 18:00:00,17.776666666666667,103.79,device 5,site B,25.0,11.9,44,16.7,259
713,2020-06-20 19:00:00,16.88,105.62,device 3,site B,22.0,14.1,61,14.8,264
714,2020-06-20 19:00:00,17.986666666666665,96.16333333333334,device 4,site B,22.0,14.1,61,14.8,264
715,2020-06-20 19:00:00,17.34,103.06,device 5,site B,22.0,14.1,61,14.8,264
716,2020-06-20 20:00:00,16.88333333333333,105.23,device 3,site B,22.0,14.1,61,13.0,270
717,2020-06-20 20:00:00,17.873333333333335,95.38333333333334,device 4,site B,22.0,14.1,61,13.0,270
718,2020-06-20 20:00:00,17.30666666666667,103.12,device 5,site B,22.0,14.1,61,13.0,270
719,2020-06-20 21:00:00,16.963333333333335,104.14666666666666,device 3,site B,22.0,14.1,61,11.1,275
720,2020-06-20 21:00:00,17.805,93.26,device 4,site B,22.0,14.1,61,11.1,275
721,2020-06-20 21:00:00,17.39,102.82,device 5,site B,22.0,14.1,61,11.1,275
722,2020-06-20 22:00:00,16.996666666666666,103.21333333333332,device 3,site B,21.0,12.9,60,14.8,275
723,2020-06-20 22:00:00,17.805,93.255,device 4,site B,21.0,12.9,60,14.8,275
724,2020-06-20 22:00:00,17.403333333333332,101.87666666666667,device 5,site B,21.0,12.9,60,14.8,275
725,2020-06-20 23:00:00,16.993333333333336,103.89333333333333,device 3,site B,22.0,11.1,50,11.1,280
726,2020-06-20 23:00:00,17.756666666666664,91.74666666666667,device 4,site B,22.0,11.1,50,11.1,280
727,2020-06-20 23:00:00,17.363333333333333,101.27,device 5,site B,22.0,11.1,50,11.1,280
728,2020-06-21 00:00:00,16.933333333333334,103.02000000000002,device 3,site B,18.0,13.1,73,9.3,288
729,2020-06-21 00:00:00,17.74,96.78000000000002,device 4,site B,18.0,13.1,73,9.3,288
730,2020-06-21 00:00:00,17.21,98.15,device 5,site B,18.0,13.1,73,9.3,288
731,2020-06-21 01:00:00,17.0,102.455,device 3,site B,19.0,12.0,64,7.4,295
732,2020-06-21 01:00:00,17.725,96.43,device 4,site B,19.0,12.0,64,7.4,295
733,2020-06-21 01:00:00,17.286666666666665,98.74000000000001,device 5,site B,19.0,12.0,64,7.4,295
734,2020-06-21 02:00:00,17.03,103.65333333333332,device 3,site B,22.0,9.2,44,7.4,308
735,2020-06-21 02:00:00,17.645,91.755,device 4,site B,22.0,9.2,44,7.4,308
736,2020-06-21 02:00:00,17.09,98.07000000000001,device 5,site B,22.0,9.2,44,7.4,308
737,2020-06-21 03:00:00,17.02,104.16333333333334,device 3,site B,22.0,9.2,44,5.5,316
738,2020-06-21 03:00:00,17.57,89.23,device 4,site B,22.0,9.2,44,5.5,316
739,2020-06-21 03:00:00,17.150000000000002,98.69666666666667,device 5,site B,22.0,9.2,44,5.5,316
740,2020-06-21 04:00:00,17.03,103.63666666666667,device 3,site B,22.0,9.2,44,9.3,329
741,2020-06-21 04:00:00,17.494999999999997,82.565,device 4,site B,22.0,9.2,44,9.3,329
742,2020-06-21 04:00:00,17.064999999999998,98.745,device 5,site B,22.0,9.2,44,9.3,329
743,2020-06-21 05:00:00,16.896666666666665,103.25,device 3,site B,23.0,10.1,44,7.4,329
744,2020-06-21 05:00:00,17.5,83.23,device 4,site B,23.0,10.1,44,7.4,329
745,2020-06-21 05:00:00,17.066666666666666,97.46,device 5,site B,23.0,10.1,44,7.4,329
746,2020-06-21 06:00:00,16.919999999999998,102.42,device 3,site B,24.0,9.9,41,7.4,332
747,2020-06-21 06:00:00,17.485,94.605,device 4,site B,24.0,9.9,41,7.4,332
748,2020-06-21 06:00:00,17.07,96.32000000000001,device 5,site B,24.0,9.9,41,7.4,332
749,2020-06-21 07:00:00,16.93,100.965,device 3,site B,27.0,9.8,34,9.3,325
750,2020-06-21 07:00:00,17.34,92.03666666666668,device 4,site B,27.0,9.8,34,9.3,325
751,2020-06-21 07:00:00,17.073333333333334,95.11,device 5,site B,27.0,9.8,34,9.3,325
752,2020-06-21 08:00:00,17.023333333333337,102.28666666666668,device 3,site B,28.0,9.8,32,9.3,315
753,2020-06-21 08:00:00,17.206666666666667,89.72666666666665,device 4,site B,28.0,9.8,32,9.3,315
754,2020-06-21 08:00:00,17.083333333333332,94.44666666666667,device 5,site B,28.0,9.8,32,9.3,315
755,2020-06-21 09:00:00,16.88,105.01333333333332,device 3,site B,29.0,10.2,31,11.1,291
756,2020-06-21 09:00:00,17.263333333333332,95.92333333333335,device 4,site B,29.0,10.2,31,11.1,291
757,2020-06-21 09:00:00,17.105,94.305,device 5,site B,29.0,10.2,31,11.1,291
758,2020-06-21 10:00:00,17.02,104.15666666666668,device 3,site B,30.0,10.0,29,11.1,320
759,2020-06-21 10:00:00,17.32,89.38499999999999,device 4,site B,30.0,10.0,29,11.1,320
760,2020-06-21 10:00:00,17.246666666666666,95.68,device 5,site B,30.0,10.0,29,11.1,320
761,2020-06-21 11:00:00,17.080000000000002,103.91666666666667,device 3,site B,30.0,10.0,29,14.8,244
762,2020-06-21 11:00:00,17.536666666666665,91.91333333333334,device 4,site B,30.0,10.0,29,14.8,244
763,2020-06-21 11:00:00,17.433333333333334,99.64999999999999,device 5,site B,30.0,10.0,29,14.8,244
764,2020-06-21 12:00:00,17.24,104.445,device 3,site B,29.0,12.8,37,14.8,220
765,2020-06-21 12:00:00,17.963333333333335,96.27,device 4,site B,29.0,12.8,37,14.8,220
766,2020-06-21 12:00:00,17.633333333333333,100.56,device 5,site B,29.0,12.8,37,14.8,220
767,2020-06-21 13:00:00,17.400000000000002,105.2,device 3,site B,27.0,15.1,48,14.8,216
768,2020-06-21 13:00:00,17.88,97.60333333333334,device 4,site B,27.0,15.1,48,14.8,216
769,2020-06-21 13:00:00,17.81,100.68,device 5,site B,27.0,15.1,48,14.8,216
770,2020-06-21 14:00:00,17.526666666666667,105.45666666666666,device 3,site B,26.0,16.0,54,14.8,213
771,2020-06-21 14:00:00,17.99333333333333,97.05,device 4,site B,26.0,16.0,54,14.8,213
772,2020-06-21 14:00:00,17.96,101.75666666666666,device 5,site B,26.0,16.0,54,14.8,213
773,2020-06-21 15:00:00,17.356666666666666,105.74000000000001,device 3,site B,27.0,16.9,54,14.8,182
774,2020-06-21 15:00:00,18.275,96.955,device 4,site B,27.0,16.9,54,14.8,182
775,2020-06-21 15:00:00,18.156666666666666,101.95333333333333,device 5,site B,27.0,16.9,54,14.8,182
776,2020-06-21 16:00:00,17.75,105.77666666666669,device 3,site B,25.0,17.0,61,13.0,100
777,2020-06-21 16:00:00,18.55,97.2,device 4,site B,25.0,17.0,61,13.0,100
778,2020-06-21 16:00:00,18.2,99.92,device 5,site B,25.0,17.0,61,13.0,100
779,2020-06-21 17:00:00,17.535,104.88499999999999,device 3,site B,26.0,15.1,51,11.1,91
780,2020-06-21 17:00:00,18.576666666666668,97.37666666666667,device 4,site B,26.0,15.1,51,11.1,91
781,2020-06-21 17:00:00,18.276666666666667,100.77666666666669,device 5,site B,26.0,15.1,51,11.1,91
782,2020-06-21 18:00:00,17.546666666666667,105.29,device 3,site B,26.0,14.1,48,9.3,78
783,2020-06-21 18:00:00,18.593333333333334,96.37666666666667,device 4,site B,26.0,14.1,48,9.3,78
784,2020-06-21 18:00:00,18.295,101.72,device 5,site B,26.0,14.1,48,9.3,78
785,2020-06-21 19:00:00,17.786666666666665,105.58666666666666,device 3,site B,23.0,15.1,61,7.4,53
786,2020-06-21 19:00:00,18.54,95.79333333333334,device 4,site B,23.0,15.1,61,7.4,53
787,2020-06-21 19:00:00,18.286666666666665,101.82,device 5,site B,23.0,15.1,61,7.4,53
788,2020-06-21 20:00:00,17.883333333333333,106.06,device 3,site B,22.0,15.1,65,5.5,16
789,2020-06-21 20:00:00,18.416666666666668,97.69333333333333,device 4,site B,22.0,15.1,65,5.5,16
790,2020-06-21 20:00:00,18.30666666666667,98.85666666666667,device 5,site B,22.0,15.1,65,5.5,16
791,2020-06-21 21:00:00,17.91,105.36333333333334,device 3,site B,20.0,13.0,64,3.7,4
792,2020-06-21 21:00:00,18.276666666666667,98.55,device 4,site B,20.0,13.0,64,3.7,4
793,2020-06-21 21:00:00,18.293333333333333,95.77999999999999,device 5,site B,20.0,13.0,64,3.7,4
794,2020-06-22 01:00:00,17.89,105.07,device 3,site B,22.0,11.1,50,7.4,332
795,2020-06-22 01:00:00,18.21,101.33500000000001,device 4,site B,22.0,11.1,50,7.4,332
796,2020-06-22 01:00:00,18.335,96.89,device 5,site B,22.0,11.1,50,7.4,332
797,2020-06-22 02:00:00,17.903333333333332,104.95333333333333,device 3,site B,22.0,11.1,50,7.4,335
798,2020-06-22 02:00:00,18.226666666666667,96.52,device 4,site B,22.0,11.1,50,7.4,335
799,2020-06-22 02:00:00,18.293333333333333,95.78000000000002,device 5,site B,22.0,11.1,50,7.4,335
800,2020-06-22 03:00:00,17.94333333333333,105.76333333333334,device 3,site B,21.0,11.1,53,7.4,331
801,2020-06-22 03:00:00,18.215,95.07,device 4,site B,21.0,11.1,53,7.4,331
802,2020-06-22 03:00:00,18.175,94.535,device 5,site B,21.0,11.1,53,7.4,331
803,2020-06-22 04:00:00,17.85,104.13,device 3,site B,22.0,11.1,50,7.4,337
804,2020-06-22 04:00:00,18.16,93.94333333333333,device 4,site B,22.0,11.1,50,7.4,337
805,2020-06-22 04:00:00,18.12333333333333,95.24666666666667,device 5,site B,22.0,11.1,50,7.4,337
806,2020-06-22 05:00:00,17.876666666666665,104.21,device 3,site B,24.0,12.0,47,5.5,336
807,2020-06-22 05:00:00,18.10666666666667,90.04,device 4,site B,24.0,12.0,47,5.5,336
808,2020-06-22 05:00:00,18.080000000000002,94.41333333333334,device 5,site B,24.0,12.0,47,5.5,336
809,2020-06-22 06:00:00,17.793333333333333,101.23666666666666,device 3,site B,25.0,11.9,44,5.5,338
810,2020-06-22 06:00:00,18.023333333333337,90.27999999999999,device 4,site B,25.0,11.9,44,5.5,338
811,2020-06-22 06:00:00,18.06,91.55,device 5,site B,25.0,11.9,44,5.5,338
812,2020-06-22 07:00:00,17.763333333333332,100.41000000000001,device 3,site B,28.0,13.1,40,5.5,15
813,2020-06-22 07:00:00,17.78333333333333,86.70666666666666,device 4,site B,28.0,13.1,40,5.5,15
814,2020-06-22 07:00:00,17.95,89.08500000000001,device 5,site B,28.0,13.1,40,5.5,15
815,2020-06-22 08:00:00,17.746666666666666,100.51666666666667,device 3,site B,29.0,14.0,40,7.4,163
816,2020-06-22 08:00:00,17.646666666666665,85.64999999999999,device 4,site B,29.0,14.0,40,7.4,163
817,2020-06-22 08:00:00,18.043333333333333,90.74,device 5,site B,29.0,14.0,40,7.4,163
818,2020-06-22 09:00:00,17.75,101.08500000000001,device 3,site B,28.0,13.1,40,11.1,160
819,2020-06-22 09:00:00,17.515,85.17500000000001,device 4,site B,28.0,13.1,40,11.1,160
820,2020-06-22 09:00:00,18.1,91.92333333333333,device 5,site B,28.0,13.1,40,11.1,160
821,2020-06-22 10:00:00,17.77333333333333,102.50999999999999,device 3,site B,28.0,13.9,42,11.1,149
822,2020-06-22 10:00:00,17.7,84.82,device 4,site B,28.0,13.9,42,11.1,149
823,2020-06-22 10:00:00,18.21,91.19666666666666,device 5,site B,28.0,13.9,42,11.1,149
824,2020-06-22 11:00:00,17.793333333333333,102.00333333333333,device 3,site B,28.0,12.0,37,13.0,175
825,2020-06-22 11:00:00,17.830000000000002,84.43333333333334,device 4,site B,28.0,12.0,37,13.0,175
826,2020-06-22 11:00:00,18.35666666666667,91.22666666666665,device 5,site B,28.0,12.0,37,13.0,175
827,2020-06-22 12:00:00,17.816666666666666,103.52666666666666,device 3,site B,30.0,12.0,33,14.8,197
828,2020-06-22 12:00:00,18.34333333333333,85.83999999999999,device 4,site B,30.0,12.0,33,14.8,197
829,2020-06-22 12:00:00,18.55,91.47999999999999,device 5,site B,30.0,12.0,33,14.8,197
830,2020-06-22 13:00:00,17.986666666666668,105.12333333333333,device 3,site B,29.0,11.1,33,14.8,201
831,2020-06-22 13:00:00,18.086666666666662,86.60333333333334,device 4,site B,29.0,11.1,33,14.8,201
832,2020-06-22 13:00:00,18.63,92.7,device 5,site B,29.0,11.1,33,14.8,201
833,2020-06-22 14:00:00,18.115000000000002,104.94,device 3,site B,29.0,11.1,33,14.8,207
834,2020-06-22 14:00:00,18.286666666666665,91.3,device 4,site B,29.0,11.1,33,14.8,207
835,2020-06-22 14:00:00,18.606666666666666,97.64999999999999,device 5,site B,29.0,11.1,33,14.8,207
836,2020-06-22 15:00:00,17.929999999999996,104.71333333333332,device 3,site B,29.0,12.8,37,14.8,201
837,2020-06-22 15:00:00,18.599999999999998,87.97666666666667,device 4,site B,29.0,12.8,37,14.8,201
838,2020-06-22 15:00:00,18.753333333333334,101.69666666666666,device 5,site B,29.0,12.8,37,14.8,201
839,2020-06-22 16:00:00,18.0,106.27666666666666,device 3,site B,29.0,15.2,43,13.0,212
840,2020-06-22 16:00:00,18.905,86.33500000000001,device 4,site B,29.0,15.2,43,13.0,212
841,2020-06-22 16:00:00,18.83,103.24,device 5,site B,29.0,15.2,43,13.0,212
842,2020-06-22 17:00:00,18.03,106.20333333333333,device 3,site B,27.0,16.0,51,13.0,206
843,2020-06-22 17:00:00,19.636666666666667,87.96,device 4,site B,27.0,16.0,51,13.0,206
844,2020-06-22 17:00:00,18.833333333333332,100.97000000000001,device 5,site B,27.0,16.0,51,13.0,206
845,2020-06-22 18:00:00,17.72666666666667,106.73666666666668,device 3,site B,25.0,17.0,61,11.1,192
846,2020-06-22 18:00:00,18.666666666666668,94.65666666666668,device 4,site B,25.0,17.0,61,11.1,192
847,2020-06-22 18:00:00,19.076666666666668,96.83333333333333,device 5,site B,25.0,17.0,61,11.1,192
848,2020-06-22 19:00:00,17.886666666666667,106.81333333333333,device 3,site B,23.0,18.1,74,7.4,185
849,2020-06-22 19:00:00,18.66333333333333,94.34333333333332,device 4,site B,23.0,18.1,74,7.4,185
850,2020-06-22 19:00:00,19.093333333333334,98.87,device 5,site B,23.0,18.1,74,7.4,185
851,2020-06-22 20:00:00,17.755000000000003,106.195,device 3,site B,21.0,18.0,83,5.5,169
852,2020-06-22 20:00:00,18.733333333333334,98.26666666666665,device 4,site B,21.0,18.0,83,5.5,169
853,2020-06-22 20:00:00,19.150000000000002,99.5,device 5,site B,21.0,18.0,83,5.5,169
854,2020-06-22 21:00:00,18.48,102.33666666666666,device 3,site B,22.0,19.0,83,3.7,89
855,2020-06-22 21:00:00,19.005000000000003,96.22999999999999,device 4,site B,22.0,19.0,83,3.7,89
856,2020-06-22 21:00:00,19.12,100.745,device 5,site B,22.0,19.0,83,3.7,89
857,2020-06-22 22:00:00,18.179999999999996,103.62333333333333,device 3,site B,21.0,18.0,83,3.7,47
858,2020-06-22 22:00:00,18.375,96.51,device 4,site B,21.0,18.0,83,3.7,47
859,2020-06-22 22:00:00,18.963333333333335,102.42000000000002,device 5,site B,21.0,18.0,83,3.7,47
860,2020-06-22 23:00:00,18.136666666666667,102.44333333333333,device 3,site B,18.0,15.1,83,3.7,23
861,2020-06-22 23:00:00,18.673333333333332,95.50999999999999,device 4,site B,18.0,15.1,83,3.7,23
862,2020-06-22 23:00:00,19.146666666666665,98.36333333333334,device 5,site B,18.0,15.1,83,3.7,23
863,2020-06-23 00:00:00,17.643333333333334,105.03333333333332,device 3,site B,18.0,14.1,78,3.7,24
864,2020-06-23 00:00:00,19.063333333333333,93.94,device 4,site B,18.0,14.1,78,3.7,24
865,2020-06-23 00:00:00,18.866666666666667,100.99333333333334,device 5,site B,18.0,14.1,78,3.7,24
866,2020-06-23 01:00:00,18.125,104.425,device 3,site B,17.0,14.1,83,5.5,20
867,2020-06-23 01:00:00,19.290000000000003,93.03666666666668,device 4,site B,17.0,14.1,83,5.5,20
868,2020-06-23 01:00:00,19.085,98.7,device 5,site B,17.0,14.1,83,5.5,20
869,2020-06-23 02:00:00,18.076666666666664,101.82666666666667,device 3,site B,17.0,12.9,77,5.5,22
870,2020-06-23 02:00:00,19.263333333333332,93.69333333333333,device 4,site B,17.0,12.9,77,5.5,22
871,2020-06-23 02:00:00,19.01,97.61000000000001,device 5,site B,17.0,12.9,77,5.5,22
872,2020-06-23 03:00:00,17.94,102.87666666666667,device 3,site B,16.0,13.1,83,5.5,24
873,2020-06-23 03:00:00,19.213333333333335,92.31,device 4,site B,16.0,13.1,83,5.5,24
874,2020-06-23 03:00:00,18.95,99.28333333333335,device 5,site B,16.0,13.1,83,5.5,24
875,2020-06-23 04:00:00,18.286666666666665,103.58333333333333,device 3,site B,17.0,12.9,77,5.5,21
876,2020-06-23 04:00:00,19.215000000000003,89.93,device 4,site B,17.0,12.9,77,5.5,21
877,2020-06-23 04:00:00,19.023333333333337,99.67,device 5,site B,17.0,12.9,77,5.5,21
878,2020-06-23 05:00:00,18.463333333333335,101.53333333333335,device 3,site B,21.0,15.1,69,5.5,16
879,2020-06-23 05:00:00,19.195,88.525,device 4,site B,21.0,15.1,69,5.5,16
880,2020-06-23 05:00:00,18.98,99.64999999999999,device 5,site B,21.0,15.1,69,5.5,16
881,2020-06-23 06:00:00,18.92,99.4,device 3,site B,23.0,16.1,65,5.5,43
882,2020-06-23 06:00:00,19.166666666666668,88.27333333333333,device 4,site B,23.0,16.1,65,5.5,43
883,2020-06-23 06:00:00,19.055,98.74000000000001,device 5,site B,23.0,16.1,65,5.5,43
884,2020-06-23 07:00:00,19.153333333333332,100.23,device 3,site B,27.0,13.0,42,7.4,92
885,2020-06-23 07:00:00,19.153333333333332,92.65666666666668,device 4,site B,27.0,13.0,42,7.4,92
886,2020-06-23 07:00:00,19.133333333333333,98.80333333333334,device 5,site B,27.0,13.0,42,7.4,92
887,2020-06-23 08:00:00,18.896666666666665,104.76333333333334,device 3,site B,27.0,14.1,45,9.3,122
888,2020-06-23 08:00:00,19.080000000000002,93.24666666666667,device 4,site B,27.0,14.1,45,9.3,122
889,2020-06-23 08:00:00,19.196666666666665,96.39333333333333,device 5,site B,27.0,14.1,45,9.3,122
890,2020-06-23 09:00:00,18.783333333333335,105.85000000000001,device 3,site B,29.0,14.0,40,11.1,136
891,2020-06-23 09:00:00,19.209999999999997,96.96666666666665,device 4,site B,29.0,14.0,40,11.1,136
892,2020-06-23 09:00:00,19.336666666666666,98.52666666666669,device 5,site B,29.0,14.0,40,11.1,136
893,2020-06-23 10:00:00,18.64,105.99666666666667,device 3,site B,29.0,15.2,43,13.0,163
894,2020-06-23 10:00:00,19.244999999999997,95.34,device 4,site B,29.0,15.2,43,13.0,163
895,2020-06-23 10:00:00,19.445,99.045,device 5,site B,29.0,15.2,43,13.0,163
896,2020-06-23 11:00:00,18.86,104.31,device 3,site B,29.0,14.0,40,13.0,177
897,2020-06-23 11:00:00,19.299999999999997,97.24000000000001,device 4,site B,29.0,14.0,40,13.0,177
898,2020-06-23 11:00:00,19.54,100.62,device 5,site B,29.0,14.0,40,13.0,177
899,2020-06-23 12:00:00,19.005000000000003,104.56,device 3,site B,30.0,11.0,31,14.8,185
900,2020-06-23 12:00:00,19.439999999999998,96.73666666666668,device 4,site B,30.0,11.0,31,14.8,185
901,2020-06-23 12:00:00,19.67,100.96333333333332,device 5,site B,30.0,11.0,31,14.8,185
902,2020-06-23 13:00:00,19.080000000000002,105.96999999999998,device 3,site B,29.0,15.2,43,14.8,193
903,2020-06-23 13:00:00,19.57,97.25666666666666,device 4,site B,29.0,15.2,43,14.8,193
904,2020-06-23 13:00:00,19.91333333333333,98.27333333333333,device 5,site B,29.0,15.2,43,14.8,193
905,2020-06-23 14:00:00,19.26,105.84333333333332,device 3,site B,29.0,12.8,37,14.8,196
906,2020-06-23 14:00:00,19.630000000000003,97.05999999999999,device 4,site B,29.0,12.8,37,14.8,196
907,2020-06-23 14:00:00,20.3,99.78333333333335,device 5,site B,29.0,12.8,37,14.8,196
908,2020-06-23 15:00:00,19.473333333333333,105.17999999999999,device 3,site B,29.0,11.1,33,13.0,205
909,2020-06-23 15:00:00,19.78,96.975,device 4,site B,29.0,11.1,33,13.0,205
910,2020-06-23 15:00:00,20.445,100.08,device 5,site B,29.0,11.1,33,13.0,205
911,2020-06-23 16:00:00,19.58666666666667,104.74333333333334,device 3,site B,28.0,13.1,40,14.8,226
912,2020-06-23 16:00:00,20.263333333333332,97.20333333333333,device 4,site B,28.0,13.1,40,14.8,226
913,2020-06-23 16:00:00,20.400000000000002,98.80000000000001,device 5,site B,28.0,13.1,40,14.8,226
914,2020-06-23 17:00:00,19.525,105.835,device 3,site B,26.0,18.9,65,13.0,219
915,2020-06-23 17:00:00,20.54,97.405,device 4,site B,26.0,18.9,65,13.0,219
916,2020-06-23 17:00:00,20.529999999999998,98.99333333333334,device 5,site B,26.0,18.9,65,13.0,219
917,2020-06-23 18:00:00,19.749999999999996,104.76666666666665,device 3,site B,24.0,19.1,74,11.1,215
918,2020-06-23 18:00:00,20.650000000000002,93.82666666666667,device 4,site B,24.0,19.1,74,11.1,215
919,2020-06-23 18:00:00,20.703333333333333,99.28666666666668,device 5,site B,24.0,19.1,74,11.1,215
920,2020-06-23 19:00:00,20.02,104.75666666666666,device 3,site B,23.0,17.0,69,7.4,211
921,2020-06-23 19:00:00,20.813333333333336,95.00333333333333,device 4,site B,23.0,17.0,69,7.4,211
922,2020-06-23 19:00:00,20.756666666666668,99.46666666666665,device 5,site B,23.0,17.0,69,7.4,211
923,2020-06-23 20:00:00,20.276666666666667,103.65666666666668,device 3,site B,23.0,15.1,61,5.5,214
924,2020-06-23 20:00:00,21.013333333333332,93.60333333333334,device 4,site B,23.0,15.1,61,5.5,214
925,2020-06-23 20:00:00,20.8,101.11,device 5,site B,23.0,15.1,61,5.5,214
926,2020-06-23 21:00:00,20.46666666666667,103.46333333333332,device 3,site B,20.0,13.0,64,3.7,251
927,2020-06-23 21:00:00,21.07,93.26666666666667,device 4,site B,20.0,13.0,64,3.7,251
928,2020-06-23 21:00:00,20.82,102.36,device 5,site B,20.0,13.0,64,3.7,251
929,2020-06-23 22:00:00,20.596666666666664,101.34666666666668,device 3,site B,19.0,13.0,68,3.7,22
930,2020-06-23 22:00:00,21.09,92.56,device 4,site B,19.0,13.0,68,3.7,22
931,2020-06-23 22:00:00,21.006666666666664,104.20666666666666,device 5,site B,19.0,13.0,68,3.7,22
932,2020-06-23 23:00:00,20.53,100.62,device 3,site B,18.0,13.1,73,3.7,335
933,2020-06-23 23:00:00,21.14,90.36,device 4,site B,18.0,13.1,73,3.7,335
934,2020-06-23 23:00:00,20.80666666666667,100.59999999999998,device 5,site B,18.0,13.1,73,3.7,335
935,2020-06-24 00:00:00,20.583333333333332,100.38666666666667,device 3,site B,16.0,13.1,83,3.7,348
936,2020-06-24 00:00:00,21.023333333333333,90.38,device 4,site B,16.0,13.1,83,3.7,348
937,2020-06-24 00:00:00,20.805,98.78,device 5,site B,16.0,13.1,83,3.7,348
938,2020-06-24 01:00:00,20.59,98.22333333333331,device 3,site B,16.0,13.1,83,3.7,353
939,2020-06-24 01:00:00,21.066666666666666,85.87666666666667,device 4,site B,16.0,13.1,83,3.7,353
940,2020-06-24 01:00:00,20.81,98.18333333333334,device 5,site B,16.0,13.1,83,3.7,353
941,2020-06-24 02:00:00,20.593333333333334,101.37666666666667,device 3,site B,16.0,12.0,77,5.5,354
942,2020-06-24 02:00:00,21.0,86.14500000000001,device 4,site B,16.0,12.0,77,5.5,354
943,2020-06-24 02:00:00,20.813333333333333,97.7,device 5,site B,16.0,12.0,77,5.5,354
944,2020-06-24 03:00:00,20.603333333333335,99.75333333333333,device 3,site B,15.0,12.0,82,5.5,360
945,2020-06-24 03:00:00,21.103333333333335,88.09666666666668,device 4,site B,15.0,12.0,82,5.5,360
946,2020-06-24 03:00:00,20.81,96.64,device 5,site B,15.0,12.0,82,5.5,360
947,2020-06-24 04:00:00,20.61,98.275,device 3,site B,16.0,12.0,77,5.5,11
948,2020-06-24 04:00:00,21.133333333333336,87.33999999999999,device 4,site B,16.0,12.0,77,5.5,11
949,2020-06-24 04:00:00,20.81,95.17999999999999,device 5,site B,16.0,12.0,77,5.5,11
950,2020-06-24 05:00:00,20.61,96.71666666666665,device 3,site B,20.0,14.1,69,5.5,7
951,2020-06-24 05:00:00,21.13,88.06,device 4,site B,20.0,14.1,69,5.5,7
952,2020-06-24 05:00:00,20.81,96.36500000000001,device 5,site B,20.0,14.1,69,5.5,7
953,2020-06-24 06:00:00,20.66,97.27666666666666,device 3,site B,23.0,14.0,57,5.5,21
954,2020-06-24 06:00:00,21.13,86.47333333333334,device 4,site B,23.0,14.0,57,5.5,21
955,2020-06-24 06:00:00,20.81,95.79333333333334,device 5,site B,23.0,14.0,57,5.5,21
956,2020-06-24 07:00:00,20.723333333333333,101.16666666666667,device 3,site B,26.0,15.1,51,5.5,100
957,2020-06-24 07:00:00,21.116666666666664,90.71666666666665,device 4,site B,26.0,15.1,51,5.5,100
958,2020-06-24 07:00:00,20.813333333333333,95.53333333333335,device 5,site B,26.0,15.1,51,5.5,100
959,2020-06-24 08:00:00,20.743333333333336,101.00333333333333,device 3,site B,27.0,15.1,48,9.3,140
960,2020-06-24 08:00:00,21.226666666666663,91.86666666666667,device 4,site B,27.0,15.1,48,9.3,140
961,2020-06-24 08:00:00,20.876666666666665,96.93333333333334,device 5,site B,27.0,15.1,48,9.3,140
962,2020-06-24 09:00:00,20.693333333333335,102.30666666666667,device 3,site B,28.0,16.0,48,11.1,148
963,2020-06-24 09:00:00,21.41333333333333,91.93666666666667,device 4,site B,28.0,16.0,48,11.1,148
964,2020-06-24 09:00:00,20.994999999999997,96.03,device 5,site B,28.0,16.0,48,11.1,148
965,2020-06-24 10:00:00,20.775,102.28,device 3,site B,28.0,16.0,48,11.1,166
966,2020-06-24 10:00:00,21.593333333333334,92.73666666666668,device 4,site B,28.0,16.0,48,11.1,166
967,2020-06-24 10:00:00,21.103333333333335,95.41666666666667,device 5,site B,28.0,16.0,48,11.1,166
968,2020-06-24 11:00:00,20.906666666666666,102.00666666666666,device 3,site B,29.0,12.0,35,13.0,180
969,2020-06-24 11:00:00,21.600000000000005,92.69333333333333,device 4,site B,29.0,12.0,35,13.0,180
970,2020-06-24 11:00:00,21.273333333333333,95.25,device 5,site B,29.0,12.0,35,13.0,180
971,2020-06-24 12:00:00,21.10666666666667,100.55666666666666,device 3,site B,29.0,12.8,37,14.8,188
972,2020-06-24 12:00:00,21.66,92.525,device 4,site B,29.0,12.8,37,14.8,188
973,2020-06-24 12:00:00,21.445,93.595,device 5,site B,29.0,12.8,37,14.8,188
974,2020-06-24 13:00:00,21.316666666666666,100.70666666666666,device 3,site B,29.0,11.1,33,14.8,193
975,2020-06-24 13:00:00,21.643333333333334,90.35333333333334,device 4,site B,29.0,11.1,33,14.8,193
976,2020-06-24 13:00:00,21.66,92.50999999999999,device 5,site B,29.0,11.1,33,14.8,193
977,2020-06-24 14:00:00,21.47666666666667,100.61666666666667,device 3,site B,28.0,13.9,42,14.8,196
978,2020-06-24 14:00:00,21.78,90.74666666666667,device 4,site B,28.0,13.9,42,14.8,196
979,2020-06-24 14:00:00,21.79,90.945,device 5,site B,28.0,13.9,42,14.8,196
980,2020-06-24 15:00:00,21.535,100.235,device 3,site B,28.0,13.1,40,13.0,206
981,2020-06-24 15:00:00,21.826666666666664,90.84666666666665,device 4,site B,28.0,13.1,40,13.0,206
982,2020-06-24 15:00:00,21.94333333333334,93.26333333333334,device 5,site B,28.0,13.1,40,13.0,206
983,2020-06-24 16:00:00,21.610000000000003,100.8,device 3,site B,27.0,18.0,58,13.0,211
984,2020-06-24 16:00:00,21.895,90.15,device 4,site B,27.0,18.0,58,13.0,211
985,2020-06-24 16:00:00,22.213333333333335,90.13666666666667,device 5,site B,27.0,18.0,58,13.0,211
986,2020-06-24 17:00:00,21.63333333333333,101.50999999999999,device 3,site B,27.0,11.1,37,11.1,212
987,2020-06-24 17:00:00,21.855,91.14,device 4,site B,27.0,11.1,37,11.1,212
988,2020-06-24 17:00:00,22.293333333333333,87.64333333333333,device 5,site B,27.0,11.1,37,11.1,212
989,2020-06-24 18:00:00,21.636666666666667,104.93333333333334,device 3,site B,25.0,17.0,61,9.3,210
990,2020-06-24 18:00:00,21.79,91.83,device 4,site B,25.0,17.0,61,9.3,210
991,2020-06-24 18:00:00,22.3,86.255,device 5,site B,25.0,17.0,61,9.3,210
992,2020-06-24 19:00:00,21.66,103.49333333333334,device 3,site B,23.0,19.0,78,7.4,204
993,2020-06-24 19:00:00,21.863333333333333,92.50333333333333,device 4,site B,23.0,19.0,78,7.4,204
994,2020-06-24 19:00:00,22.25,87.75333333333333,device 5,site B,23.0,19.0,78,7.4,204
995,2020-06-24 20:00:00,21.819999999999997,101.02666666666666,device 3,site B,22.0,16.9,73,3.7,222
996,2020-06-24 20:00:00,21.76,89.92,device 4,site B,22.0,16.9,73,3.7,222
997,2020-06-24 20:00:00,22.22,90.42333333333333,device 5,site B,22.0,16.9,73,3.7,222
998,2020-06-24 21:00:00,21.759999999999998,101.65,device 3,site B,20.0,13.0,64,3.7,303
999,2020-06-24 21:00:00,21.99,92.39999999999999,device 4,site B,20.0,13.0,64,3.7,303
1000,2020-06-24 21:00:00,22.203333333333333,90.42333333333333,device 5,site B,20.0,13.0,64,3.7,303
1001,2020-06-24 22:00:00,21.459999999999997,104.48666666666668,device 3,site B,19.0,11.1,60,3.7,8
1002,2020-06-24 22:00:00,21.973333333333333,89.82000000000001,device 4,site B,19.0,11.1,60,3.7,8
1003,2020-06-24 22:00:00,22.223333333333333,92.59333333333332,device 5,site B,19.0,11.1,60,3.7,8
1004,2020-06-24 23:00:00,21.63,101.92,device 3,site B,18.0,13.1,73,3.7,348
1005,2020-06-24 23:00:00,21.825000000000003,88.24000000000001,device 4,site B,18.0,13.1,73,3.7,348
1006,2020-06-24 23:00:00,22.175,92.32499999999999,device 5,site B,18.0,13.1,73,3.7,348
1007,2020-06-25 00:00:00,21.560000000000002,103.13999999999999,device 3,site B,17.0,12.1,73,3.7,342
1008,2020-06-25 00:00:00,21.97,88.79333333333334,device 4,site B,17.0,12.1,73,3.7,342
1009,2020-06-25 00:00:00,22.166666666666668,89.98,device 5,site B,17.0,12.1,73,3.7,342
1010,2020-06-25 01:00:00,21.525,102.76,device 3,site B,16.0,12.0,77,5.5,347
1011,2020-06-25 01:00:00,22.02,86.795,device 4,site B,16.0,12.0,77,5.5,347
1012,2020-06-25 01:00:00,22.106666666666666,85.69333333333333,device 5,site B,16.0,12.0,77,5.5,347
1013,2020-06-25 06:00:00,21.89333333333333,99.27,device 3,site B,21.0,13.9,64,5.5,17
1014,2020-06-25 06:00:00,22.03,91.355,device 4,site B,21.0,13.9,64,5.5,17
1015,2020-06-25 06:00:00,21.953333333333337,78.52,device 5,site B,21.0,13.9,64,5.5,17
1016,2020-06-25 07:00:00,21.96,102.305,device 3,site B,26.0,16.0,54,5.5,113
1017,2020-06-25 07:00:00,21.92,91.15333333333332,device 4,site B,26.0,16.0,54,5.5,113
1018,2020-06-25 07:00:00,21.88,86.11333333333334,device 5,site B,26.0,16.0,54,5.5,113
1019,2020-06-25 08:00:00,21.873333333333335,100.80333333333334,device 3,site B,25.0,18.9,69,7.4,146
1020,2020-06-25 08:00:00,21.69333333333333,89.82333333333332,device 4,site B,25.0,18.9,69,7.4,146
1021,2020-06-25 08:00:00,21.84,91.525,device 5,site B,25.0,18.9,69,7.4,146
1022,2020-06-25 09:00:00,21.816666666666666,102.00333333333333,device 3,site B,27.0,16.9,54,11.1,154
1023,2020-06-25 09:00:00,21.713333333333335,89.64333333333333,device 4,site B,27.0,16.9,54,11.1,154
1024,2020-06-25 09:00:00,21.833333333333332,92.64,device 5,site B,27.0,16.9,54,11.1,154
1025,2020-06-25 10:00:00,21.669999999999998,100.95333333333333,device 3,site B,28.0,15.0,45,16.7,213
1026,2020-06-25 10:00:00,21.76,88.07666666666667,device 4,site B,28.0,15.0,45,16.7,213
1027,2020-06-25 10:00:00,21.950000000000003,91.82666666666667,device 5,site B,28.0,15.0,45,16.7,213
1028,2020-06-25 11:00:00,21.77333333333333,101.04,device 3,site B,28.0,13.9,42,16.7,206
1029,2020-06-25 11:00:00,22.040000000000003,90.3,device 4,site B,28.0,13.9,42,16.7,206
1030,2020-06-25 11:00:00,22.3,92.90333333333332,device 5,site B,28.0,13.9,42,16.7,206
1031,2020-06-25 12:00:00,21.76,101.84333333333332,device 3,site B,27.0,18.0,58,16.7,216
1032,2020-06-25 12:00:00,22.12,88.5,device 4,site B,27.0,18.0,58,16.7,216
1033,2020-06-25 12:00:00,22.355,90.88499999999999,device 5,site B,27.0,18.0,58,16.7,216
1034,2020-06-25 13:00:00,21.645,102.03999999999999,device 3,site B,27.0,16.9,54,16.7,215
1035,2020-06-25 13:00:00,22.18,87.055,device 4,site B,27.0,16.9,54,16.7,215
1036,2020-06-25 13:00:00,22.496666666666666,90.19666666666666,device 5,site B,27.0,16.9,54,16.7,215
1037,2020-06-25 14:00:00,21.96666666666667,102.38666666666666,device 3,site B,27.0,14.1,45,16.7,211
1038,2020-06-25 14:00:00,22.14,83.68,device 4,site B,27.0,14.1,45,16.7,211
1039,2020-06-25 14:00:00,22.63333333333333,90.02333333333333,device 5,site B,27.0,14.1,45,16.7,211
1040,2020-06-25 15:00:00,22.153333333333336,103.09666666666665,device 3,site B,27.0,15.1,48,16.7,213
1041,2020-06-25 15:00:00,22.060000000000002,83.28,device 4,site B,27.0,15.1,48,16.7,213
1042,2020-06-25 15:00:00,22.56,92.87666666666667,device 5,site B,27.0,15.1,48,16.7,213
1043,2020-06-25 16:00:00,22.22666666666667,104.08,device 3,site B,26.0,17.1,58,16.7,221
1044,2020-06-25 16:00:00,21.963333333333335,83.2,device 4,site B,26.0,17.1,58,16.7,221
1045,2020-06-25 16:00:00,22.875,90.96000000000001,device 5,site B,26.0,17.1,58,16.7,221
1046,2020-06-25 17:00:00,22.049999999999997,109.17666666666668,device 3,site B,26.0,17.9,61,14.8,221
1047,2020-06-25 17:00:00,21.893333333333334,86.79666666666667,device 4,site B,26.0,17.9,61,14.8,221
1048,2020-06-25 17:00:00,22.916666666666668,95.08,device 5,site B,26.0,17.9,61,14.8,221
1049,2020-06-25 18:00:00,22.130000000000003,106.6,device 3,site B,25.0,18.0,65,13.0,220
1050,2020-06-25 18:00:00,21.86,85.88499999999999,device 4,site B,25.0,18.0,65,13.0,220
1051,2020-06-25 18:00:00,22.843333333333334,97.58333333333333,device 5,site B,25.0,18.0,65,13.0,220
1052,2020-06-25 19:00:00,21.77,106.21666666666665,device 3,site B,23.0,18.1,74,9.3,219
1053,2020-06-25 19:00:00,22.343333333333334,83.89666666666666,device 4,site B,23.0,18.1,74,9.3,219
1054,2020-06-25 19:00:00,22.666666666666668,95.46666666666665,device 5,site B,23.0,18.1,74,9.3,219
1055,2020-06-25 20:00:00,21.723333333333333,106.67666666666668,device 3,site B,23.0,16.1,65,5.5,214
1056,2020-06-25 20:00:00,22.15,80.285,device 4,site B,23.0,16.1,65,5.5,214
1057,2020-06-25 20:00:00,22.566666666666666,92.35000000000001,device 5,site B,23.0,16.1,65,5.5,214
1058,2020-06-25 21:00:00,21.853333333333335,106.32333333333334,device 3,site B,20.0,14.1,69,3.7,306
1059,2020-06-25 21:00:00,21.993333333333336,83.98666666666666,device 4,site B,20.0,14.1,69,3.7,306
1060,2020-06-25 21:00:00,22.490000000000002,89.095,device 5,site B,20.0,14.1,69,3.7,306
1061,2020-06-25 22:00:00,21.94666666666667,104.01666666666667,device 3,site B,19.0,14.1,73,5.5,11
1062,2020-06-25 22:00:00,21.96666666666667,89.62666666666667,device 4,site B,19.0,14.1,73,5.5,11
1063,2020-06-25 22:00:00,22.543333333333333,89.44999999999999,device 5,site B,19.0,14.1,73,5.5,11
1064,2020-06-25 23:00:00,21.784999999999997,98.55,device 3,site B,17.0,12.9,77,3.7,5
1065,2020-06-25 23:00:00,22.113333333333333,88.09333333333335,device 4,site B,17.0,12.9,77,3.7,5
1066,2020-06-25 23:00:00,22.590000000000003,89.56,device 5,site B,17.0,12.9,77,3.7,5
1067,2020-06-26 00:00:00,21.87,97.41000000000001,device 3,site B,17.0,12.9,77,3.7,4
1068,2020-06-26 00:00:00,22.2,86.83000000000001,device 4,site B,17.0,12.9,77,3.7,4
1069,2020-06-26 00:00:00,22.53,88.55000000000001,device 5,site B,17.0,12.9,77,3.7,4
1070,2020-06-26 01:00:00,21.75333333333333,97.89,device 3,site B,17.0,12.9,77,5.5,3
1071,2020-06-26 01:00:00,22.233333333333334,85.03333333333333,device 4,site B,17.0,12.9,77,5.5,3
1072,2020-06-26 01:00:00,22.45,90.25999999999999,device 5,site B,17.0,12.9,77,5.5,3
1073,2020-06-26 02:00:00,21.929999999999996,99.85333333333334,device 3,site B,16.0,13.1,83,5.5,360
1074,2020-06-26 02:00:00,22.24,83.56666666666666,device 4,site B,16.0,13.1,83,5.5,360
1075,2020-06-26 02:00:00,22.37,90.805,device 5,site B,16.0,13.1,83,5.5,360
1076,2020-06-26 03:00:00,22.156666666666666,100.52,device 3,site B,15.0,13.0,88,5.5,1
1077,2020-06-26 03:00:00,22.253333333333334,82.18666666666667,device 4,site B,15.0,13.0,88,5.5,1
1078,2020-06-26 03:00:00,22.256666666666664,90.63,device 5,site B,15.0,13.0,88,5.5,1
1079,2020-06-26 04:00:00,22.146666666666665,100.26333333333334,device 3,site B,16.0,13.1,83,5.5,9
1080,2020-06-26 04:00:00,22.313333333333333,84.10666666666667,device 4,site B,16.0,13.1,83,5.5,9
1081,2020-06-26 04:00:00,22.30666666666666,87.64666666666666,device 5,site B,16.0,13.1,83,5.5,9
1082,2020-06-26 05:00:00,22.08,98.91,device 3,site B,20.0,15.0,73,5.5,360
1083,2020-06-26 05:00:00,22.37,85.06,device 4,site B,20.0,15.0,73,5.5,360
1084,2020-06-26 05:00:00,22.32,89.55,device 5,site B,20.0,15.0,73,5.5,360
1085,2020-06-17 11:00:00,19.61,75.41,device 2,site A,24.0,11.0,44,25.9,287
1086,2020-06-16 13:00:00,23.83,89.24,device 4,site B,27.0,14.1,45,24.1,233
1087,2020-06-16 13:00:00,19.04,84.9,device 5,site B,27.0,14.1,45,24.1,233
1088,2020-06-16 14:00:00,19.095,89.015,device 4,site B,24.0,12.9,50,25.9,237
1089,2020-06-16 14:00:00,19.134999999999998,86.70500000000001,device 5,site B,24.0,12.9,50,25.9,237
1090,2020-06-18 19:00:00,18.33,91.43,device 4,site B,20.0,10.1,53,22.2,252
1091,2020-06-18 19:00:00,18.74,99.92,device 5,site B,20.0,10.1,53,22.2,252
1092,2020-06-19 22:00:00,18.09,93.33,device 4,site B,20.0,14.1,69,13.0,281
1093,2020-06-19 22:00:00,18.28,103.74,device 5,site B,20.0,14.1,69,13.0,281
1094,2020-06-21 23:00:00,18.24,94.33,device 4,site B,23.0,11.1,47,5.5,341
1095,2020-06-25 02:00:00,22.06,85.73,device 4,site B,16.0,11.0,72,5.5,351
1096,2020-06-25 05:00:00,22.03,88.62,device 4,site B,19.0,13.0,68,3.7,3
1097,2020-06-16 11:00:00,18.759999999999998,80.565,device 5,site B,25.0,12.9,47,20.4,221
1098,2020-06-16 12:00:00,18.87,84.82,device 5,site B,26.0,14.1,48,22.2,227
